Driver,LapTime,Team,Compound,LapNumber,PitOutTime,PitInTime,Abbreviation,Position
LEC,0 days 00:40:56.330000,Ferrari,MEDIUM,1.0,,0 days 00:56:45.433000,LEC,1.0
LEC,,Ferrari,HARD,2.0,0 days 01:36:03.182000,,LEC,1.0
LEC,0 days 00:01:24.624000,Ferrari,HARD,3.0,,,LEC,1.0
LEC,0 days 00:01:22.625000,Ferrari,HARD,4.0,,,LEC,1.0
LEC,0 days 00:01:21.795000,Ferrari,HARD,5.0,,,LEC,1.0
LEC,0 days 00:01:21.145000,Ferrari,HARD,6.0,,,LEC,1.0
LEC,0 days 00:01:20.980000,Ferrari,HARD,7.0,,,LEC,1.0
LEC,0 days 00:01:21.030000,Ferrari,HARD,8.0,,,LEC,1.0
LEC,0 days 00:01:20.114000,Ferrari,HARD,9.0,,,LEC,1.0
LEC,0 days 00:01:20.775000,Ferrari,HARD,10.0,,,LEC,1.0
LEC,0 days 00:01:21.046000,Ferrari,HARD,11.0,,,LEC,1.0
LEC,0 days 00:01:20.252000,Ferrari,HARD,12.0,,,LEC,1.0
LEC,0 days 00:01:19.017000,Ferrari,HARD,13.0,,,LEC,1.0
LEC,0 days 00:01:19.913000,Ferrari,HARD,14.0,,,LEC,1.0
LEC,0 days 00:01:19.838000,Ferrari,HARD,15.0,,,LEC,1.0
LEC,0 days 00:01:20.156000,Ferrari,HARD,16.0,,,LEC,1.0
LEC,0 days 00:01:20.279000,Ferrari,HARD,17.0,,,LEC,1.0
LEC,0 days 00:01:19.580000,Ferrari,HARD,18.0,,,LEC,1.0
LEC,0 days 00:01:18.842000,Ferrari,HARD,19.0,,,LEC,1.0
LEC,0 days 00:01:18.724000,Ferrari,HARD,20.0,,,LEC,1.0
LEC,0 days 00:01:18.472000,Ferrari,HARD,21.0,,,LEC,1.0
LEC,0 days 00:01:18.620000,Ferrari,HARD,22.0,,,LEC,1.0
LEC,0 days 00:01:18.458000,Ferrari,HARD,23.0,,,LEC,1.0
LEC,0 days 00:01:18.725000,Ferrari,HARD,24.0,,,LEC,1.0
LEC,0 days 00:01:18.973000,Ferrari,HARD,25.0,,,LEC,1.0
LEC,0 days 00:01:18.445000,Ferrari,HARD,26.0,,,LEC,1.0
LEC,0 days 00:01:18.351000,Ferrari,HARD,27.0,,,LEC,1.0
LEC,0 days 00:01:18.710000,Ferrari,HARD,28.0,,,LEC,1.0
LEC,0 days 00:01:19.053000,Ferrari,HARD,29.0,,,LEC,1.0
LEC,0 days 00:01:19.935000,Ferrari,HARD,30.0,,,LEC,1.0
LEC,0 days 00:01:18.393000,Ferrari,HARD,31.0,,,LEC,1.0
LEC,0 days 00:01:19.125000,Ferrari,HARD,32.0,,,LEC,1.0
LEC,0 days 00:01:18.494000,Ferrari,HARD,33.0,,,LEC,1.0
LEC,0 days 00:01:19.319000,Ferrari,HARD,34.0,,,LEC,1.0
LEC,0 days 00:01:18.530000,Ferrari,HARD,35.0,,,LEC,1.0
LEC,0 days 00:01:18.689000,Ferrari,HARD,36.0,,,LEC,1.0
LEC,0 days 00:01:18.925000,Ferrari,HARD,37.0,,,LEC,1.0
LEC,0 days 00:01:18.528000,Ferrari,HARD,38.0,,,LEC,1.0
LEC,0 days 00:01:18.181000,Ferrari,HARD,39.0,,,LEC,1.0
LEC,0 days 00:01:18.733000,Ferrari,HARD,40.0,,,LEC,1.0
LEC,0 days 00:01:18.694000,Ferrari,HARD,41.0,,,LEC,1.0
LEC,0 days 00:01:19.277000,Ferrari,HARD,42.0,,,LEC,1.0
LEC,0 days 00:01:17.865000,Ferrari,HARD,43.0,,,LEC,1.0
LEC,0 days 00:01:18.276000,Ferrari,HARD,44.0,,,LEC,1.0
LEC,0 days 00:01:18.541000,Ferrari,HARD,45.0,,,LEC,1.0
LEC,0 days 00:01:18.567000,Ferrari,HARD,46.0,,,LEC,1.0
LEC,0 days 00:01:19.185000,Ferrari,HARD,47.0,,,LEC,1.0
LEC,0 days 00:01:17.941000,Ferrari,HARD,48.0,,,LEC,1.0
LEC,0 days 00:01:18.506000,Ferrari,HARD,49.0,,,LEC,1.0
LEC,0 days 00:01:18.185000,Ferrari,HARD,50.0,,,LEC,1.0
LEC,0 days 00:01:17.790000,Ferrari,HARD,51.0,,,LEC,1.0
LEC,0 days 00:01:18.311000,Ferrari,HARD,52.0,,,LEC,1.0
LEC,0 days 00:01:17.748000,Ferrari,HARD,53.0,,,LEC,1.0
LEC,0 days 00:01:17.357000,Ferrari,HARD,54.0,,,LEC,1.0
LEC,0 days 00:01:17.444000,Ferrari,HARD,55.0,,,LEC,1.0
LEC,0 days 00:01:17.266000,Ferrari,HARD,56.0,,,LEC,1.0
LEC,0 days 00:01:17.640000,Ferrari,HARD,57.0,,,LEC,1.0
LEC,0 days 00:01:17.028000,Ferrari,HARD,58.0,,,LEC,1.0
LEC,0 days 00:01:17.034000,Ferrari,HARD,59.0,,,LEC,1.0
LEC,0 days 00:01:16.414000,Ferrari,HARD,60.0,,,LEC,1.0
LEC,0 days 00:01:16.863000,Ferrari,HARD,61.0,,,LEC,1.0
LEC,0 days 00:01:17.454000,Ferrari,HARD,62.0,,,LEC,1.0
LEC,0 days 00:01:16.971000,Ferrari,HARD,63.0,,,LEC,1.0
LEC,0 days 00:01:16.560000,Ferrari,HARD,64.0,,,LEC,1.0
LEC,0 days 00:01:16.607000,Ferrari,HARD,65.0,,,LEC,1.0
LEC,0 days 00:01:16.489000,Ferrari,HARD,66.0,,,LEC,1.0
LEC,0 days 00:01:15.941000,Ferrari,HARD,67.0,,,LEC,1.0
LEC,0 days 00:01:16.082000,Ferrari,HARD,68.0,,,LEC,1.0
LEC,0 days 00:01:16.373000,Ferrari,HARD,69.0,,,LEC,1.0
LEC,0 days 00:01:15.767000,Ferrari,HARD,70.0,,,LEC,1.0
LEC,0 days 00:01:15.162000,Ferrari,HARD,71.0,,,LEC,1.0
LEC,0 days 00:01:15.547000,Ferrari,HARD,72.0,,,LEC,1.0
LEC,0 days 00:01:16.219000,Ferrari,HARD,73.0,,,LEC,1.0
LEC,0 days 00:01:16.105000,Ferrari,HARD,74.0,,,LEC,1.0
LEC,0 days 00:01:16.387000,Ferrari,HARD,75.0,,,LEC,1.0
LEC,0 days 00:01:16.808000,Ferrari,HARD,76.0,,,LEC,1.0
LEC,0 days 00:01:16.933000,Ferrari,HARD,77.0,,,LEC,1.0
LEC,0 days 00:01:18.636000,Ferrari,HARD,78.0,,,LEC,1.0
PIA,0 days 00:40:58.744000,McLaren,MEDIUM,1.0,,0 days 00:56:48.100000,PIA,2.0
PIA,,McLaren,HARD,2.0,0 days 01:36:05.541000,,PIA,2.0
PIA,0 days 00:01:24.953000,McLaren,HARD,3.0,,,PIA,2.0
PIA,0 days 00:01:22.314000,McLaren,HARD,4.0,,,PIA,2.0
PIA,0 days 00:01:22.019000,McLaren,HARD,5.0,,,PIA,2.0
PIA,0 days 00:01:21.354000,McLaren,HARD,6.0,,,PIA,2.0
PIA,0 days 00:01:20.808000,McLaren,HARD,7.0,,,PIA,2.0
PIA,0 days 00:01:21.058000,McLaren,HARD,8.0,,,PIA,2.0
PIA,0 days 00:01:19.906000,McLaren,HARD,9.0,,,PIA,2.0
PIA,0 days 00:01:20.890000,McLaren,HARD,10.0,,,PIA,2.0
PIA,0 days 00:01:20.898000,McLaren,HARD,11.0,,,PIA,2.0
PIA,0 days 00:01:20.135000,McLaren,HARD,12.0,,,PIA,2.0
PIA,0 days 00:01:18.745000,McLaren,HARD,13.0,,,PIA,2.0
PIA,0 days 00:01:20.014000,McLaren,HARD,14.0,,,PIA,2.0
PIA,0 days 00:01:20.264000,McLaren,HARD,15.0,,,PIA,2.0
PIA,0 days 00:01:19.829000,McLaren,HARD,16.0,,,PIA,2.0
PIA,0 days 00:01:20.028000,McLaren,HARD,17.0,,,PIA,2.0
PIA,0 days 00:01:19.832000,McLaren,HARD,18.0,,,PIA,2.0
PIA,0 days 00:01:19.179000,McLaren,HARD,19.0,,,PIA,2.0
PIA,0 days 00:01:19.055000,McLaren,HARD,20.0,,,PIA,2.0
PIA,0 days 00:01:18.601000,McLaren,HARD,21.0,,,PIA,2.0
PIA,0 days 00:01:18.585000,McLaren,HARD,22.0,,,PIA,2.0
PIA,0 days 00:01:18.658000,McLaren,HARD,23.0,,,PIA,2.0
PIA,0 days 00:01:18.636000,McLaren,HARD,24.0,,,PIA,2.0
PIA,0 days 00:01:18.784000,McLaren,HARD,25.0,,,PIA,2.0
PIA,0 days 00:01:18.440000,McLaren,HARD,26.0,,,PIA,2.0
PIA,0 days 00:01:18.523000,McLaren,HARD,27.0,,,PIA,2.0
PIA,0 days 00:01:18.791000,McLaren,HARD,28.0,,,PIA,2.0
PIA,0 days 00:01:19.010000,McLaren,HARD,29.0,,,PIA,2.0
PIA,0 days 00:01:19.396000,McLaren,HARD,30.0,,,PIA,2.0
PIA,0 days 00:01:18.449000,McLaren,HARD,31.0,,,PIA,2.0
PIA,0 days 00:01:18.969000,McLaren,HARD,32.0,,,PIA,2.0
PIA,0 days 00:01:19.060000,McLaren,HARD,33.0,,,PIA,2.0
PIA,0 days 00:01:18.978000,McLaren,HARD,34.0,,,PIA,2.0
PIA,0 days 00:01:18.605000,McLaren,HARD,35.0,,,PIA,2.0
PIA,0 days 00:01:18.882000,McLaren,HARD,36.0,,,PIA,2.0
PIA,0 days 00:01:18.612000,McLaren,HARD,37.0,,,PIA,2.0
PIA,0 days 00:01:18.731000,McLaren,HARD,38.0,,,PIA,2.0
PIA,0 days 00:01:18.362000,McLaren,HARD,39.0,,,PIA,2.0
PIA,0 days 00:01:18.951000,McLaren,HARD,40.0,,,PIA,2.0
PIA,0 days 00:01:18.846000,McLaren,HARD,41.0,,,PIA,2.0
PIA,0 days 00:01:19.795000,McLaren,HARD,42.0,,,PIA,2.0
PIA,0 days 00:01:18.198000,McLaren,HARD,43.0,,,PIA,2.0
PIA,0 days 00:01:18.277000,McLaren,HARD,44.0,,,PIA,2.0
PIA,0 days 00:01:18.082000,McLaren,HARD,45.0,,,PIA,2.0
PIA,0 days 00:01:18.623000,McLaren,HARD,46.0,,,PIA,2.0
PIA,0 days 00:01:18.399000,McLaren,HARD,47.0,,,PIA,2.0
PIA,0 days 00:01:18.395000,McLaren,HARD,48.0,,,PIA,2.0
PIA,0 days 00:01:18.136000,McLaren,HARD,49.0,,,PIA,2.0
PIA,0 days 00:01:18.350000,McLaren,HARD,50.0,,,PIA,2.0
PIA,0 days 00:01:17.909000,McLaren,HARD,51.0,,,PIA,2.0
PIA,0 days 00:01:18.214000,McLaren,HARD,52.0,,,PIA,2.0
PIA,0 days 00:01:17.609000,McLaren,HARD,53.0,,,PIA,2.0
PIA,0 days 00:01:17.362000,McLaren,HARD,54.0,,,PIA,2.0
PIA,0 days 00:01:17.445000,McLaren,HARD,55.0,,,PIA,2.0
PIA,0 days 00:01:17.456000,McLaren,HARD,56.0,,,PIA,2.0
PIA,0 days 00:01:17.300000,McLaren,HARD,57.0,,,PIA,2.0
PIA,0 days 00:01:17.344000,McLaren,HARD,58.0,,,PIA,2.0
PIA,0 days 00:01:17.042000,McLaren,HARD,59.0,,,PIA,2.0
PIA,0 days 00:01:16.617000,McLaren,HARD,60.0,,,PIA,2.0
PIA,0 days 00:01:16.771000,McLaren,HARD,61.0,,,PIA,2.0
PIA,0 days 00:01:17.095000,McLaren,HARD,62.0,,,PIA,2.0
PIA,0 days 00:01:16.921000,McLaren,HARD,63.0,,,PIA,2.0
PIA,0 days 00:01:16.909000,McLaren,HARD,64.0,,,PIA,2.0
PIA,0 days 00:01:16.391000,McLaren,HARD,65.0,,,PIA,2.0
PIA,0 days 00:01:16.640000,McLaren,HARD,66.0,,,PIA,2.0
PIA,0 days 00:01:16.596000,McLaren,HARD,67.0,,,PIA,2.0
PIA,0 days 00:01:16.601000,McLaren,HARD,68.0,,,PIA,2.0
PIA,0 days 00:01:17.371000,McLaren,HARD,69.0,,,PIA,2.0
PIA,0 days 00:01:17.270000,McLaren,HARD,70.0,,,PIA,2.0
PIA,0 days 00:01:17.184000,McLaren,HARD,71.0,,,PIA,2.0
PIA,0 days 00:01:16.652000,McLaren,HARD,72.0,,,PIA,2.0
PIA,0 days 00:01:16.281000,McLaren,HARD,73.0,,,PIA,2.0
PIA,0 days 00:01:16.356000,McLaren,HARD,74.0,,,PIA,2.0
PIA,0 days 00:01:16.644000,McLaren,HARD,75.0,,,PIA,2.0
PIA,0 days 00:01:16.590000,McLaren,HARD,76.0,,,PIA,2.0
PIA,0 days 00:01:16.734000,McLaren,HARD,77.0,,,PIA,2.0
PIA,0 days 00:01:17.126000,McLaren,HARD,78.0,,,PIA,2.0
SAI,0 days 00:41:02.721000,Ferrari,MEDIUM,1.0,,0 days 00:57:22.741000,SAI,3.0
SAI,,Ferrari,HARD,2.0,0 days 01:36:09.554000,,SAI,3.0
SAI,0 days 00:01:25.012000,Ferrari,HARD,3.0,,,SAI,3.0
SAI,0 days 00:01:22.358000,Ferrari,HARD,4.0,,,SAI,3.0
SAI,0 days 00:01:21.978000,Ferrari,HARD,5.0,,,SAI,3.0
SAI,0 days 00:01:21.163000,Ferrari,HARD,6.0,,,SAI,3.0
SAI,0 days 00:01:21.466000,Ferrari,HARD,7.0,,,SAI,3.0
SAI,0 days 00:01:20.272000,Ferrari,HARD,8.0,,,SAI,3.0
SAI,0 days 00:01:20.525000,Ferrari,HARD,9.0,,,SAI,3.0
SAI,0 days 00:01:21.259000,Ferrari,HARD,10.0,,,SAI,3.0
SAI,0 days 00:01:20.246000,Ferrari,HARD,11.0,,,SAI,3.0
SAI,0 days 00:01:19.974000,Ferrari,HARD,12.0,,,SAI,3.0
SAI,0 days 00:01:20.017000,Ferrari,HARD,13.0,,,SAI,3.0
SAI,0 days 00:01:19.480000,Ferrari,HARD,14.0,,,SAI,3.0
SAI,0 days 00:01:19.543000,Ferrari,HARD,15.0,,,SAI,3.0
SAI,0 days 00:01:20.579000,Ferrari,HARD,16.0,,,SAI,3.0
SAI,0 days 00:01:20.076000,Ferrari,HARD,17.0,,,SAI,3.0
SAI,0 days 00:01:19.177000,Ferrari,HARD,18.0,,,SAI,3.0
SAI,0 days 00:01:19.445000,Ferrari,HARD,19.0,,,SAI,3.0
SAI,0 days 00:01:19.403000,Ferrari,HARD,20.0,,,SAI,3.0
SAI,0 days 00:01:18.917000,Ferrari,HARD,21.0,,,SAI,3.0
SAI,0 days 00:01:18.889000,Ferrari,HARD,22.0,,,SAI,3.0
SAI,0 days 00:01:18.993000,Ferrari,HARD,23.0,,,SAI,3.0
SAI,0 days 00:01:18.568000,Ferrari,HARD,24.0,,,SAI,3.0
SAI,0 days 00:01:18.537000,Ferrari,HARD,25.0,,,SAI,3.0
SAI,0 days 00:01:18.088000,Ferrari,HARD,26.0,,,SAI,3.0
SAI,0 days 00:01:19.490000,Ferrari,HARD,27.0,,,SAI,3.0
SAI,0 days 00:01:19.281000,Ferrari,HARD,28.0,,,SAI,3.0
SAI,0 days 00:01:18.697000,Ferrari,HARD,29.0,,,SAI,3.0
SAI,0 days 00:01:17.326000,Ferrari,HARD,30.0,,,SAI,3.0
SAI,0 days 00:01:19.784000,Ferrari,HARD,31.0,,,SAI,3.0
SAI,0 days 00:01:20.136000,Ferrari,HARD,32.0,,,SAI,3.0
SAI,0 days 00:01:18.778000,Ferrari,HARD,33.0,,,SAI,3.0
SAI,0 days 00:01:19.013000,Ferrari,HARD,34.0,,,SAI,3.0
SAI,0 days 00:01:18.465000,Ferrari,HARD,35.0,,,SAI,3.0
SAI,0 days 00:01:19.275000,Ferrari,HARD,36.0,,,SAI,3.0
SAI,0 days 00:01:17.577000,Ferrari,HARD,37.0,,,SAI,3.0
SAI,0 days 00:01:18.412000,Ferrari,HARD,38.0,,,SAI,3.0
SAI,0 days 00:01:18.310000,Ferrari,HARD,39.0,,,SAI,3.0
SAI,0 days 00:01:18.653000,Ferrari,HARD,40.0,,,SAI,3.0
SAI,0 days 00:01:18.714000,Ferrari,HARD,41.0,,,SAI,3.0
SAI,0 days 00:01:19.171000,Ferrari,HARD,42.0,,,SAI,3.0
SAI,0 days 00:01:19.594000,Ferrari,HARD,43.0,,,SAI,3.0
SAI,0 days 00:01:18.762000,Ferrari,HARD,44.0,,,SAI,3.0
SAI,0 days 00:01:17.885000,Ferrari,HARD,45.0,,,SAI,3.0
SAI,0 days 00:01:18.731000,Ferrari,HARD,46.0,,,SAI,3.0
SAI,0 days 00:01:18.141000,Ferrari,HARD,47.0,,,SAI,3.0
SAI,0 days 00:01:17.894000,Ferrari,HARD,48.0,,,SAI,3.0
SAI,0 days 00:01:18.259000,Ferrari,HARD,49.0,,,SAI,3.0
SAI,0 days 00:01:18.545000,Ferrari,HARD,50.0,,,SAI,3.0
SAI,0 days 00:01:17.528000,Ferrari,HARD,51.0,,,SAI,3.0
SAI,0 days 00:01:18.094000,Ferrari,HARD,52.0,,,SAI,3.0
SAI,0 days 00:01:17.759000,Ferrari,HARD,53.0,,,SAI,3.0
SAI,0 days 00:01:17.742000,Ferrari,HARD,54.0,,,SAI,3.0
SAI,0 days 00:01:18.661000,Ferrari,HARD,55.0,,,SAI,3.0
SAI,0 days 00:01:18.119000,Ferrari,HARD,56.0,,,SAI,3.0
SAI,0 days 00:01:17.599000,Ferrari,HARD,57.0,,,SAI,3.0
SAI,0 days 00:01:17.501000,Ferrari,HARD,58.0,,,SAI,3.0
SAI,0 days 00:01:17.134000,Ferrari,HARD,59.0,,,SAI,3.0
SAI,0 days 00:01:15.159000,Ferrari,HARD,60.0,,,SAI,3.0
SAI,0 days 00:01:19.046000,Ferrari,HARD,61.0,,,SAI,3.0
SAI,0 days 00:01:14.726000,Ferrari,HARD,62.0,,,SAI,3.0
SAI,0 days 00:01:18.207000,Ferrari,HARD,63.0,,,SAI,3.0
SAI,0 days 00:01:14.813000,Ferrari,HARD,64.0,,,SAI,3.0
SAI,0 days 00:01:18.137000,Ferrari,HARD,65.0,,,SAI,3.0
SAI,0 days 00:01:15.409000,Ferrari,HARD,66.0,,,SAI,3.0
SAI,0 days 00:01:16.847000,Ferrari,HARD,67.0,,,SAI,3.0
SAI,0 days 00:01:15.595000,Ferrari,HARD,68.0,,,SAI,3.0
SAI,0 days 00:01:16.218000,Ferrari,HARD,69.0,,,SAI,3.0
SAI,0 days 00:01:17.117000,Ferrari,HARD,70.0,,,SAI,3.0
SAI,0 days 00:01:17.214000,Ferrari,HARD,71.0,,,SAI,3.0
SAI,0 days 00:01:16.785000,Ferrari,HARD,72.0,,,SAI,3.0
SAI,0 days 00:01:16.417000,Ferrari,HARD,73.0,,,SAI,3.0
SAI,0 days 00:01:16.063000,Ferrari,HARD,74.0,,,SAI,3.0
SAI,0 days 00:01:16.905000,Ferrari,HARD,75.0,,,SAI,3.0
SAI,0 days 00:01:16.328000,Ferrari,HARD,76.0,,,SAI,3.0
SAI,0 days 00:01:16.701000,Ferrari,HARD,77.0,,,SAI,3.0
SAI,0 days 00:01:17.072000,Ferrari,HARD,78.0,,,SAI,3.0
NOR,0 days 00:41:08.042000,McLaren,MEDIUM,1.0,,0 days 00:56:49.559000,NOR,4.0
NOR,,McLaren,HARD,2.0,0 days 01:36:14.893000,,NOR,4.0
NOR,0 days 00:01:25.283000,McLaren,HARD,3.0,,,NOR,4.0
NOR,0 days 00:01:22.782000,McLaren,HARD,4.0,,,NOR,4.0
NOR,0 days 00:01:22.147000,McLaren,HARD,5.0,,,NOR,4.0
NOR,0 days 00:01:21.804000,McLaren,HARD,6.0,,,NOR,4.0
NOR,0 days 00:01:20.828000,McLaren,HARD,7.0,,,NOR,4.0
NOR,0 days 00:01:20.820000,McLaren,HARD,8.0,,,NOR,4.0
NOR,0 days 00:01:20.397000,McLaren,HARD,9.0,,,NOR,4.0
NOR,0 days 00:01:20.972000,McLaren,HARD,10.0,,,NOR,4.0
NOR,0 days 00:01:20.870000,McLaren,HARD,11.0,,,NOR,4.0
NOR,0 days 00:01:19.933000,McLaren,HARD,12.0,,,NOR,4.0
NOR,0 days 00:01:19.820000,McLaren,HARD,13.0,,,NOR,4.0
NOR,0 days 00:01:19.385000,McLaren,HARD,14.0,,,NOR,4.0
NOR,0 days 00:01:19.775000,McLaren,HARD,15.0,,,NOR,4.0
NOR,0 days 00:01:19.637000,McLaren,HARD,16.0,,,NOR,4.0
NOR,0 days 00:01:20.337000,McLaren,HARD,17.0,,,NOR,4.0
NOR,0 days 00:01:19.398000,McLaren,HARD,18.0,,,NOR,4.0
NOR,0 days 00:01:19.280000,McLaren,HARD,19.0,,,NOR,4.0
NOR,0 days 00:01:19.043000,McLaren,HARD,20.0,,,NOR,4.0
NOR,0 days 00:01:18.983000,McLaren,HARD,21.0,,,NOR,4.0
NOR,0 days 00:01:18.981000,McLaren,HARD,22.0,,,NOR,4.0
NOR,0 days 00:01:19.194000,McLaren,HARD,23.0,,,NOR,4.0
NOR,0 days 00:01:18.699000,McLaren,HARD,24.0,,,NOR,4.0
NOR,0 days 00:01:18.640000,McLaren,HARD,25.0,,,NOR,4.0
NOR,0 days 00:01:18.396000,McLaren,HARD,26.0,,,NOR,4.0
NOR,0 days 00:01:18.720000,McLaren,HARD,27.0,,,NOR,4.0
NOR,0 days 00:01:19.238000,McLaren,HARD,28.0,,,NOR,4.0
NOR,0 days 00:01:18.766000,McLaren,HARD,29.0,,,NOR,4.0
NOR,0 days 00:01:18.403000,McLaren,HARD,30.0,,,NOR,4.0
NOR,0 days 00:01:18.780000,McLaren,HARD,31.0,,,NOR,4.0
NOR,0 days 00:01:19.538000,McLaren,HARD,32.0,,,NOR,4.0
NOR,0 days 00:01:19.233000,McLaren,HARD,33.0,,,NOR,4.0
NOR,0 days 00:01:19.243000,McLaren,HARD,34.0,,,NOR,4.0
NOR,0 days 00:01:18.714000,McLaren,HARD,35.0,,,NOR,4.0
NOR,0 days 00:01:18.582000,McLaren,HARD,36.0,,,NOR,4.0
NOR,0 days 00:01:17.958000,McLaren,HARD,37.0,,,NOR,4.0
NOR,0 days 00:01:17.994000,McLaren,HARD,38.0,,,NOR,4.0
NOR,0 days 00:01:18.303000,McLaren,HARD,39.0,,,NOR,4.0
NOR,0 days 00:01:18.824000,McLaren,HARD,40.0,,,NOR,4.0
NOR,0 days 00:01:18.519000,McLaren,HARD,41.0,,,NOR,4.0
NOR,0 days 00:01:19.436000,McLaren,HARD,42.0,,,NOR,4.0
NOR,0 days 00:01:19.796000,McLaren,HARD,43.0,,,NOR,4.0
NOR,0 days 00:01:18.906000,McLaren,HARD,44.0,,,NOR,4.0
NOR,0 days 00:01:17.897000,McLaren,HARD,45.0,,,NOR,4.0
NOR,0 days 00:01:18.215000,McLaren,HARD,46.0,,,NOR,4.0
NOR,0 days 00:01:18.141000,McLaren,HARD,47.0,,,NOR,4.0
NOR,0 days 00:01:17.975000,McLaren,HARD,48.0,,,NOR,4.0
NOR,0 days 00:01:18.177000,McLaren,HARD,49.0,,,NOR,4.0
NOR,0 days 00:01:18.218000,McLaren,HARD,50.0,,,NOR,4.0
NOR,0 days 00:01:17.772000,McLaren,HARD,51.0,,,NOR,4.0
NOR,0 days 00:01:18.223000,McLaren,HARD,52.0,,,NOR,4.0
NOR,0 days 00:01:17.570000,McLaren,HARD,53.0,,,NOR,4.0
NOR,0 days 00:01:17.838000,McLaren,HARD,54.0,,,NOR,4.0
NOR,0 days 00:01:18.382000,McLaren,HARD,55.0,,,NOR,4.0
NOR,0 days 00:01:18.155000,McLaren,HARD,56.0,,,NOR,4.0
NOR,0 days 00:01:17.815000,McLaren,HARD,57.0,,,NOR,4.0
NOR,0 days 00:01:17.395000,McLaren,HARD,58.0,,,NOR,4.0
NOR,0 days 00:01:17.122000,McLaren,HARD,59.0,,,NOR,4.0
NOR,0 days 00:01:16.695000,McLaren,HARD,60.0,,,NOR,4.0
NOR,0 days 00:01:17.614000,McLaren,HARD,61.0,,,NOR,4.0
NOR,0 days 00:01:16.026000,McLaren,HARD,62.0,,,NOR,4.0
NOR,0 days 00:01:16.876000,McLaren,HARD,63.0,,,NOR,4.0
NOR,0 days 00:01:15.742000,McLaren,HARD,64.0,,,NOR,4.0
NOR,0 days 00:01:17.143000,McLaren,HARD,65.0,,,NOR,4.0
NOR,0 days 00:01:16.214000,McLaren,HARD,66.0,,,NOR,4.0
NOR,0 days 00:01:16.115000,McLaren,HARD,67.0,,,NOR,4.0
NOR,0 days 00:01:16.172000,McLaren,HARD,68.0,,,NOR,4.0
NOR,0 days 00:01:16.314000,McLaren,HARD,69.0,,,NOR,4.0
NOR,0 days 00:01:17.213000,McLaren,HARD,70.0,,,NOR,4.0
NOR,0 days 00:01:16.609000,McLaren,HARD,71.0,,,NOR,4.0
NOR,0 days 00:01:16.801000,McLaren,HARD,72.0,,,NOR,4.0
NOR,0 days 00:01:16.285000,McLaren,HARD,73.0,,,NOR,4.0
NOR,0 days 00:01:16.429000,McLaren,HARD,74.0,,,NOR,4.0
NOR,0 days 00:01:16.517000,McLaren,HARD,75.0,,,NOR,4.0
NOR,0 days 00:01:16.671000,McLaren,HARD,76.0,,,NOR,4.0
NOR,0 days 00:01:16.512000,McLaren,HARD,77.0,,,NOR,4.0
NOR,0 days 00:01:17.296000,McLaren,HARD,78.0,,,NOR,4.0
RUS,0 days 00:41:13.884000,Mercedes,HARD,1.0,,0 days 00:56:51.329000,RUS,5.0
RUS,,Mercedes,MEDIUM,2.0,0 days 01:36:20.812000,,RUS,5.0
RUS,0 days 00:01:25.319000,Mercedes,MEDIUM,3.0,,,RUS,5.0
RUS,0 days 00:01:22.868000,Mercedes,MEDIUM,4.0,,,RUS,5.0
RUS,0 days 00:01:23.045000,Mercedes,MEDIUM,5.0,,,RUS,5.0
RUS,0 days 00:01:23.012000,Mercedes,MEDIUM,6.0,,,RUS,5.0
RUS,0 days 00:01:21.415000,Mercedes,MEDIUM,7.0,,,RUS,5.0
RUS,0 days 00:01:21.612000,Mercedes,MEDIUM,8.0,,,RUS,5.0
RUS,0 days 00:01:21.433000,Mercedes,MEDIUM,9.0,,,RUS,5.0
RUS,0 days 00:01:21.531000,Mercedes,MEDIUM,10.0,,,RUS,5.0
RUS,0 days 00:01:21.452000,Mercedes,MEDIUM,11.0,,,RUS,5.0
RUS,0 days 00:01:20.316000,Mercedes,MEDIUM,12.0,,,RUS,5.0
RUS,0 days 00:01:20.525000,Mercedes,MEDIUM,13.0,,,RUS,5.0
RUS,0 days 00:01:20.272000,Mercedes,MEDIUM,14.0,,,RUS,5.0
RUS,0 days 00:01:20.202000,Mercedes,MEDIUM,15.0,,,RUS,5.0
RUS,0 days 00:01:19.913000,Mercedes,MEDIUM,16.0,,,RUS,5.0
RUS,0 days 00:01:20.150000,Mercedes,MEDIUM,17.0,,,RUS,5.0
RUS,0 days 00:01:19.438000,Mercedes,MEDIUM,18.0,,,RUS,5.0
RUS,0 days 00:01:20.157000,Mercedes,MEDIUM,19.0,,,RUS,5.0
RUS,0 days 00:01:20.053000,Mercedes,MEDIUM,20.0,,,RUS,5.0
RUS,0 days 00:01:19.788000,Mercedes,MEDIUM,21.0,,,RUS,5.0
RUS,0 days 00:01:19.691000,Mercedes,MEDIUM,22.0,,,RUS,5.0
RUS,0 days 00:01:19.397000,Mercedes,MEDIUM,23.0,,,RUS,5.0
RUS,0 days 00:01:19.484000,Mercedes,MEDIUM,24.0,,,RUS,5.0
RUS,0 days 00:01:18.651000,Mercedes,MEDIUM,25.0,,,RUS,5.0
RUS,0 days 00:01:19.006000,Mercedes,MEDIUM,26.0,,,RUS,5.0
RUS,0 days 00:01:18.927000,Mercedes,MEDIUM,27.0,,,RUS,5.0
RUS,0 days 00:01:18.679000,Mercedes,MEDIUM,28.0,,,RUS,5.0
RUS,0 days 00:01:18.624000,Mercedes,MEDIUM,29.0,,,RUS,5.0
RUS,0 days 00:01:18.811000,Mercedes,MEDIUM,30.0,,,RUS,5.0
RUS,0 days 00:01:19.101000,Mercedes,MEDIUM,31.0,,,RUS,5.0
RUS,0 days 00:01:19.122000,Mercedes,MEDIUM,32.0,,,RUS,5.0
RUS,0 days 00:01:18.910000,Mercedes,MEDIUM,33.0,,,RUS,5.0
RUS,0 days 00:01:19.379000,Mercedes,MEDIUM,34.0,,,RUS,5.0
RUS,0 days 00:01:20.448000,Mercedes,MEDIUM,35.0,,,RUS,5.0
RUS,0 days 00:01:19.728000,Mercedes,MEDIUM,36.0,,,RUS,5.0
RUS,0 days 00:01:18.757000,Mercedes,MEDIUM,37.0,,,RUS,5.0
RUS,0 days 00:01:18.446000,Mercedes,MEDIUM,38.0,,,RUS,5.0
RUS,0 days 00:01:18.450000,Mercedes,MEDIUM,39.0,,,RUS,5.0
RUS,0 days 00:01:18.139000,Mercedes,MEDIUM,40.0,,,RUS,5.0
RUS,0 days 00:01:18.308000,Mercedes,MEDIUM,41.0,,,RUS,5.0
RUS,0 days 00:01:18.204000,Mercedes,MEDIUM,42.0,,,RUS,5.0
RUS,0 days 00:01:18.684000,Mercedes,MEDIUM,43.0,,,RUS,5.0
RUS,0 days 00:01:18.177000,Mercedes,MEDIUM,44.0,,,RUS,5.0
RUS,0 days 00:01:18.449000,Mercedes,MEDIUM,45.0,,,RUS,5.0
RUS,0 days 00:01:18.387000,Mercedes,MEDIUM,46.0,,,RUS,5.0
RUS,0 days 00:01:18.314000,Mercedes,MEDIUM,47.0,,,RUS,5.0
RUS,0 days 00:01:18.702000,Mercedes,MEDIUM,48.0,,,RUS,5.0
RUS,0 days 00:01:18.985000,Mercedes,MEDIUM,49.0,,,RUS,5.0
RUS,0 days 00:01:18.447000,Mercedes,MEDIUM,50.0,,,RUS,5.0
RUS,0 days 00:01:18.049000,Mercedes,MEDIUM,51.0,,,RUS,5.0
RUS,0 days 00:01:18.602000,Mercedes,MEDIUM,52.0,,,RUS,5.0
RUS,0 days 00:01:20.891000,Mercedes,MEDIUM,53.0,,,RUS,5.0
RUS,0 days 00:01:18.201000,Mercedes,MEDIUM,54.0,,,RUS,5.0
RUS,0 days 00:01:17.305000,Mercedes,MEDIUM,55.0,,,RUS,5.0
RUS,0 days 00:01:17.071000,Mercedes,MEDIUM,56.0,,,RUS,5.0
RUS,0 days 00:01:16.910000,Mercedes,MEDIUM,57.0,,,RUS,5.0
RUS,0 days 00:01:17.142000,Mercedes,MEDIUM,58.0,,,RUS,5.0
RUS,0 days 00:01:16.842000,Mercedes,MEDIUM,59.0,,,RUS,5.0
RUS,0 days 00:01:16.604000,Mercedes,MEDIUM,60.0,,,RUS,5.0
RUS,0 days 00:01:16.697000,Mercedes,MEDIUM,61.0,,,RUS,5.0
RUS,0 days 00:01:16.787000,Mercedes,MEDIUM,62.0,,,RUS,5.0
RUS,0 days 00:01:16.581000,Mercedes,MEDIUM,63.0,,,RUS,5.0
RUS,0 days 00:01:16.133000,Mercedes,MEDIUM,64.0,,,RUS,5.0
RUS,0 days 00:01:15.651000,Mercedes,MEDIUM,65.0,,,RUS,5.0
RUS,0 days 00:01:15.848000,Mercedes,MEDIUM,66.0,,,RUS,5.0
RUS,0 days 00:01:16.157000,Mercedes,MEDIUM,67.0,,,RUS,5.0
RUS,0 days 00:01:15.931000,Mercedes,MEDIUM,68.0,,,RUS,5.0
RUS,0 days 00:01:15.869000,Mercedes,MEDIUM,69.0,,,RUS,5.0
RUS,0 days 00:01:15.251000,Mercedes,MEDIUM,70.0,,,RUS,5.0
RUS,0 days 00:01:15.827000,Mercedes,MEDIUM,71.0,,,RUS,5.0
RUS,0 days 00:01:15.839000,Mercedes,MEDIUM,72.0,,,RUS,5.0
RUS,0 days 00:01:15.228000,Mercedes,MEDIUM,73.0,,,RUS,5.0
RUS,0 days 00:01:15.376000,Mercedes,MEDIUM,74.0,,,RUS,5.0
RUS,0 days 00:01:15.525000,Mercedes,MEDIUM,75.0,,,RUS,5.0
RUS,0 days 00:01:15.753000,Mercedes,MEDIUM,76.0,,,RUS,5.0
RUS,0 days 00:01:15.532000,Mercedes,MEDIUM,77.0,,,RUS,5.0
RUS,0 days 00:01:16.303000,Mercedes,MEDIUM,78.0,,,RUS,5.0
VER,0 days 00:41:18.944000,Red Bull Racing,HARD,1.0,,0 days 00:56:53.182000,VER,6.0
VER,,Red Bull Racing,MEDIUM,2.0,0 days 01:36:25.661000,,VER,6.0
VER,0 days 00:01:25.744000,Red Bull Racing,MEDIUM,3.0,,,VER,6.0
VER,0 days 00:01:23.275000,Red Bull Racing,MEDIUM,4.0,,,VER,6.0
VER,0 days 00:01:23.400000,Red Bull Racing,MEDIUM,5.0,,,VER,6.0
VER,0 days 00:01:23.787000,Red Bull Racing,MEDIUM,6.0,,,VER,6.0
VER,0 days 00:01:21.283000,Red Bull Racing,MEDIUM,7.0,,,VER,6.0
VER,0 days 00:01:21.657000,Red Bull Racing,MEDIUM,8.0,,,VER,6.0
VER,0 days 00:01:21.740000,Red Bull Racing,MEDIUM,9.0,,,VER,6.0
VER,0 days 00:01:21.244000,Red Bull Racing,MEDIUM,10.0,,,VER,6.0
VER,0 days 00:01:21.492000,Red Bull Racing,MEDIUM,11.0,,,VER,6.0
VER,0 days 00:01:20.659000,Red Bull Racing,MEDIUM,12.0,,,VER,6.0
VER,0 days 00:01:19.904000,Red Bull Racing,MEDIUM,13.0,,,VER,6.0
VER,0 days 00:01:19.723000,Red Bull Racing,MEDIUM,14.0,,,VER,6.0
VER,0 days 00:01:20.370000,Red Bull Racing,MEDIUM,15.0,,,VER,6.0
VER,0 days 00:01:20.287000,Red Bull Racing,MEDIUM,16.0,,,VER,6.0
VER,0 days 00:01:19.898000,Red Bull Racing,MEDIUM,17.0,,,VER,6.0
VER,0 days 00:01:19.580000,Red Bull Racing,MEDIUM,18.0,,,VER,6.0
VER,0 days 00:01:20.171000,Red Bull Racing,MEDIUM,19.0,,,VER,6.0
VER,0 days 00:01:19.886000,Red Bull Racing,MEDIUM,20.0,,,VER,6.0
VER,0 days 00:01:20.255000,Red Bull Racing,MEDIUM,21.0,,,VER,6.0
VER,0 days 00:01:19.813000,Red Bull Racing,MEDIUM,22.0,,,VER,6.0
VER,0 days 00:01:18.979000,Red Bull Racing,MEDIUM,23.0,,,VER,6.0
VER,0 days 00:01:19.364000,Red Bull Racing,MEDIUM,24.0,,,VER,6.0
VER,0 days 00:01:19.380000,Red Bull Racing,MEDIUM,25.0,,,VER,6.0
VER,0 days 00:01:18.818000,Red Bull Racing,MEDIUM,26.0,,,VER,6.0
VER,0 days 00:01:18.797000,Red Bull Racing,MEDIUM,27.0,,,VER,6.0
VER,0 days 00:01:18.682000,Red Bull Racing,MEDIUM,28.0,,,VER,6.0
VER,0 days 00:01:18.795000,Red Bull Racing,MEDIUM,29.0,,,VER,6.0
VER,0 days 00:01:18.574000,Red Bull Racing,MEDIUM,30.0,,,VER,6.0
VER,0 days 00:01:18.564000,Red Bull Racing,MEDIUM,31.0,,,VER,6.0
VER,0 days 00:01:18.983000,Red Bull Racing,MEDIUM,32.0,,,VER,6.0
VER,0 days 00:01:19.005000,Red Bull Racing,MEDIUM,33.0,,,VER,6.0
VER,0 days 00:01:19.594000,Red Bull Racing,MEDIUM,34.0,,,VER,6.0
VER,0 days 00:01:20.207000,Red Bull Racing,MEDIUM,35.0,,,VER,6.0
VER,0 days 00:01:19.634000,Red Bull Racing,MEDIUM,36.0,,,VER,6.0
VER,0 days 00:01:19.429000,Red Bull Racing,MEDIUM,37.0,,,VER,6.0
VER,0 days 00:01:18.844000,Red Bull Racing,MEDIUM,38.0,,,VER,6.0
VER,0 days 00:01:18.326000,Red Bull Racing,MEDIUM,39.0,,,VER,6.0
VER,0 days 00:01:18.409000,Red Bull Racing,MEDIUM,40.0,,,VER,6.0
VER,0 days 00:01:18.083000,Red Bull Racing,MEDIUM,41.0,,,VER,6.0
VER,0 days 00:01:18.074000,Red Bull Racing,MEDIUM,42.0,,,VER,6.0
VER,0 days 00:01:18.358000,Red Bull Racing,MEDIUM,43.0,,,VER,6.0
VER,0 days 00:01:18.405000,Red Bull Racing,MEDIUM,44.0,,,VER,6.0
VER,0 days 00:01:18.313000,Red Bull Racing,MEDIUM,45.0,,,VER,6.0
VER,0 days 00:01:18.203000,Red Bull Racing,MEDIUM,46.0,,,VER,6.0
VER,0 days 00:01:18.537000,Red Bull Racing,MEDIUM,47.0,,,VER,6.0
VER,0 days 00:01:18.337000,Red Bull Racing,MEDIUM,48.0,,,VER,6.0
VER,0 days 00:01:18.477000,Red Bull Racing,MEDIUM,49.0,,,VER,6.0
VER,0 days 00:01:18.880000,Red Bull Racing,MEDIUM,50.0,,,VER,6.0
VER,0 days 00:01:18.142000,Red Bull Racing,MEDIUM,51.0,,,VER,6.0
VER,0 days 00:01:33.905000,Red Bull Racing,MEDIUM,52.0,,0 days 02:45:21.756000,VER,6.0
VER,0 days 00:01:18.724000,Red Bull Racing,HARD,53.0,0 days 02:45:45.422000,,VER,6.0
VER,0 days 00:01:15.815000,Red Bull Racing,HARD,54.0,,,VER,6.0
VER,0 days 00:01:15.398000,Red Bull Racing,HARD,55.0,,,VER,6.0
VER,0 days 00:01:15.466000,Red Bull Racing,HARD,56.0,,,VER,6.0
VER,0 days 00:01:16.181000,Red Bull Racing,HARD,57.0,,,VER,6.0
VER,0 days 00:01:14.569000,Red Bull Racing,HARD,58.0,,,VER,6.0
VER,0 days 00:01:14.748000,Red Bull Racing,HARD,59.0,,,VER,6.0
VER,0 days 00:01:15.238000,Red Bull Racing,HARD,60.0,,,VER,6.0
VER,0 days 00:01:15.121000,Red Bull Racing,HARD,61.0,,,VER,6.0
VER,0 days 00:01:16.561000,Red Bull Racing,HARD,62.0,,,VER,6.0
VER,0 days 00:01:16.547000,Red Bull Racing,HARD,63.0,,,VER,6.0
VER,0 days 00:01:16.619000,Red Bull Racing,HARD,64.0,,,VER,6.0
VER,0 days 00:01:15.468000,Red Bull Racing,HARD,65.0,,,VER,6.0
VER,0 days 00:01:16.121000,Red Bull Racing,HARD,66.0,,,VER,6.0
VER,0 days 00:01:16.276000,Red Bull Racing,HARD,67.0,,,VER,6.0
VER,0 days 00:01:15.954000,Red Bull Racing,HARD,68.0,,,VER,6.0
VER,0 days 00:01:15.463000,Red Bull Racing,HARD,69.0,,,VER,6.0
VER,0 days 00:01:15.449000,Red Bull Racing,HARD,70.0,,,VER,6.0
VER,0 days 00:01:15.659000,Red Bull Racing,HARD,71.0,,,VER,6.0
VER,0 days 00:01:15.733000,Red Bull Racing,HARD,72.0,,,VER,6.0
VER,0 days 00:01:15.436000,Red Bull Racing,HARD,73.0,,,VER,6.0
VER,0 days 00:01:15.380000,Red Bull Racing,HARD,74.0,,,VER,6.0
VER,0 days 00:01:15.396000,Red Bull Racing,HARD,75.0,,,VER,6.0
VER,0 days 00:01:15.641000,Red Bull Racing,HARD,76.0,,,VER,6.0
VER,0 days 00:01:15.543000,Red Bull Racing,HARD,77.0,,,VER,6.0
VER,0 days 00:01:16.248000,Red Bull Racing,HARD,78.0,,,VER,6.0
HAM,0 days 00:41:23.804000,Mercedes,HARD,1.0,,0 days 00:56:55.473000,HAM,7.0
HAM,,Mercedes,MEDIUM,2.0,0 days 01:36:30.616000,,HAM,7.0
HAM,0 days 00:01:27.058000,Mercedes,MEDIUM,3.0,,,HAM,7.0
HAM,0 days 00:01:23.376000,Mercedes,MEDIUM,4.0,,,HAM,7.0
HAM,0 days 00:01:23.640000,Mercedes,MEDIUM,5.0,,,HAM,7.0
HAM,0 days 00:01:23.369000,Mercedes,MEDIUM,6.0,,,HAM,7.0
HAM,0 days 00:01:21.463000,Mercedes,MEDIUM,7.0,,,HAM,7.0
HAM,0 days 00:01:21.612000,Mercedes,MEDIUM,8.0,,,HAM,7.0
HAM,0 days 00:01:21.851000,Mercedes,MEDIUM,9.0,,,HAM,7.0
HAM,0 days 00:01:21.437000,Mercedes,MEDIUM,10.0,,,HAM,7.0
HAM,0 days 00:01:21.325000,Mercedes,MEDIUM,11.0,,,HAM,7.0
HAM,0 days 00:01:21.164000,Mercedes,MEDIUM,12.0,,,HAM,7.0
HAM,0 days 00:01:20.171000,Mercedes,MEDIUM,13.0,,,HAM,7.0
HAM,0 days 00:01:20.126000,Mercedes,MEDIUM,14.0,,,HAM,7.0
HAM,0 days 00:01:19.971000,Mercedes,MEDIUM,15.0,,,HAM,7.0
HAM,0 days 00:01:20.384000,Mercedes,MEDIUM,16.0,,,HAM,7.0
HAM,0 days 00:01:19.738000,Mercedes,MEDIUM,17.0,,,HAM,7.0
HAM,0 days 00:01:20.037000,Mercedes,MEDIUM,18.0,,,HAM,7.0
HAM,0 days 00:01:19.874000,Mercedes,MEDIUM,19.0,,,HAM,7.0
HAM,0 days 00:01:20.504000,Mercedes,MEDIUM,20.0,,,HAM,7.0
HAM,0 days 00:01:19.760000,Mercedes,MEDIUM,21.0,,,HAM,7.0
HAM,0 days 00:01:20.590000,Mercedes,MEDIUM,22.0,,,HAM,7.0
HAM,0 days 00:01:19.089000,Mercedes,MEDIUM,23.0,,,HAM,7.0
HAM,0 days 00:01:18.785000,Mercedes,MEDIUM,24.0,,,HAM,7.0
HAM,0 days 00:01:19.342000,Mercedes,MEDIUM,25.0,,,HAM,7.0
HAM,0 days 00:01:19.862000,Mercedes,MEDIUM,26.0,,,HAM,7.0
HAM,0 days 00:01:18.549000,Mercedes,MEDIUM,27.0,,,HAM,7.0
HAM,0 days 00:01:18.587000,Mercedes,MEDIUM,28.0,,,HAM,7.0
HAM,0 days 00:01:18.940000,Mercedes,MEDIUM,29.0,,,HAM,7.0
HAM,0 days 00:01:18.371000,Mercedes,MEDIUM,30.0,,,HAM,7.0
HAM,0 days 00:01:18.471000,Mercedes,MEDIUM,31.0,,,HAM,7.0
HAM,0 days 00:01:18.618000,Mercedes,MEDIUM,32.0,,,HAM,7.0
HAM,0 days 00:01:18.746000,Mercedes,MEDIUM,33.0,,,HAM,7.0
HAM,0 days 00:01:18.860000,Mercedes,MEDIUM,34.0,,,HAM,7.0
HAM,0 days 00:01:19.518000,Mercedes,MEDIUM,35.0,,,HAM,7.0
HAM,0 days 00:01:20.648000,Mercedes,MEDIUM,36.0,,,HAM,7.0
HAM,0 days 00:01:18.605000,Mercedes,MEDIUM,37.0,,,HAM,7.0
HAM,0 days 00:01:20.514000,Mercedes,MEDIUM,38.0,,,HAM,7.0
HAM,0 days 00:01:18.943000,Mercedes,MEDIUM,39.0,,,HAM,7.0
HAM,0 days 00:01:18.673000,Mercedes,MEDIUM,40.0,,,HAM,7.0
HAM,0 days 00:01:18.946000,Mercedes,MEDIUM,41.0,,,HAM,7.0
HAM,0 days 00:01:17.542000,Mercedes,MEDIUM,42.0,,,HAM,7.0
HAM,0 days 00:01:17.867000,Mercedes,MEDIUM,43.0,,,HAM,7.0
HAM,0 days 00:01:18.225000,Mercedes,MEDIUM,44.0,,,HAM,7.0
HAM,0 days 00:01:18.156000,Mercedes,MEDIUM,45.0,,,HAM,7.0
HAM,0 days 00:01:18.104000,Mercedes,MEDIUM,46.0,,,HAM,7.0
HAM,0 days 00:01:18.331000,Mercedes,MEDIUM,47.0,,,HAM,7.0
HAM,0 days 00:01:17.831000,Mercedes,MEDIUM,48.0,,,HAM,7.0
HAM,0 days 00:01:17.398000,Mercedes,MEDIUM,49.0,,,HAM,7.0
HAM,0 days 00:01:18.461000,Mercedes,MEDIUM,50.0,,,HAM,7.0
HAM,0 days 00:01:35.209000,Mercedes,MEDIUM,51.0,,0 days 02:44:05.864000,HAM,7.0
HAM,0 days 00:01:19.702000,Mercedes,HARD,52.0,0 days 02:44:29.955000,,HAM,7.0
HAM,0 days 00:01:16.458000,Mercedes,HARD,53.0,,,HAM,7.0
HAM,0 days 00:01:16.388000,Mercedes,HARD,54.0,,,HAM,7.0
HAM,0 days 00:01:16.492000,Mercedes,HARD,55.0,,,HAM,7.0
HAM,0 days 00:01:14.423000,Mercedes,HARD,56.0,,,HAM,7.0
HAM,0 days 00:01:17.857000,Mercedes,HARD,57.0,,,HAM,7.0
HAM,0 days 00:01:16.855000,Mercedes,HARD,58.0,,,HAM,7.0
HAM,0 days 00:01:14.204000,Mercedes,HARD,59.0,,,HAM,7.0
HAM,0 days 00:01:15.848000,Mercedes,HARD,60.0,,,HAM,7.0
HAM,0 days 00:01:15.274000,Mercedes,HARD,61.0,,,HAM,7.0
HAM,0 days 00:01:15.414000,Mercedes,HARD,62.0,,,HAM,7.0
HAM,0 days 00:01:14.165000,Mercedes,HARD,63.0,,,HAM,7.0
HAM,0 days 00:01:16.164000,Mercedes,HARD,64.0,,,HAM,7.0
HAM,0 days 00:01:15.190000,Mercedes,HARD,65.0,,,HAM,7.0
HAM,0 days 00:01:15.342000,Mercedes,HARD,66.0,,,HAM,7.0
HAM,0 days 00:01:16.117000,Mercedes,HARD,67.0,,,HAM,7.0
HAM,0 days 00:01:15.836000,Mercedes,HARD,68.0,,,HAM,7.0
HAM,0 days 00:01:15.648000,Mercedes,HARD,69.0,,,HAM,7.0
HAM,0 days 00:01:15.638000,Mercedes,HARD,70.0,,,HAM,7.0
HAM,0 days 00:01:15.643000,Mercedes,HARD,71.0,,,HAM,7.0
HAM,0 days 00:01:15.468000,Mercedes,HARD,72.0,,,HAM,7.0
HAM,0 days 00:01:15.134000,Mercedes,HARD,73.0,,,HAM,7.0
HAM,0 days 00:01:15.324000,Mercedes,HARD,74.0,,,HAM,7.0
HAM,0 days 00:01:15.324000,Mercedes,HARD,75.0,,,HAM,7.0
HAM,0 days 00:01:15.245000,Mercedes,HARD,76.0,,,HAM,7.0
HAM,0 days 00:01:15.697000,Mercedes,HARD,77.0,,,HAM,7.0
HAM,0 days 00:01:16.355000,Mercedes,HARD,78.0,,,HAM,7.0
TSU,0 days 00:41:28.609000,RB,MEDIUM,1.0,,0 days 00:56:58.053000,TSU,8.0
TSU,0 days 00:02:28.277000,RB,HARD,2.0,0 days 01:36:35.390000,,TSU,8.0
TSU,0 days 00:01:27.563000,RB,HARD,3.0,,,TSU,8.0
TSU,0 days 00:01:23.327000,RB,HARD,4.0,,,TSU,8.0
TSU,0 days 00:01:23.493000,RB,HARD,5.0,,,TSU,8.0
TSU,0 days 00:01:23.224000,RB,HARD,6.0,,,TSU,8.0
TSU,0 days 00:01:21.826000,RB,HARD,7.0,,,TSU,8.0
TSU,0 days 00:01:21.651000,RB,HARD,8.0,,,TSU,8.0
TSU,0 days 00:01:21.896000,RB,HARD,9.0,,,TSU,8.0
TSU,0 days 00:01:21.591000,RB,HARD,10.0,,,TSU,8.0
TSU,0 days 00:01:21.289000,RB,HARD,11.0,,,TSU,8.0
TSU,0 days 00:01:21.089000,RB,HARD,12.0,,,TSU,8.0
TSU,0 days 00:01:20.682000,RB,HARD,13.0,,,TSU,8.0
TSU,0 days 00:01:21.249000,RB,HARD,14.0,,,TSU,8.0
TSU,0 days 00:01:20.099000,RB,HARD,15.0,,,TSU,8.0
TSU,0 days 00:01:20.847000,RB,HARD,16.0,,,TSU,8.0
TSU,0 days 00:01:20.335000,RB,HARD,17.0,,,TSU,8.0
TSU,0 days 00:01:20.612000,RB,HARD,18.0,,,TSU,8.0
TSU,0 days 00:01:20.770000,RB,HARD,19.0,,,TSU,8.0
TSU,0 days 00:01:19.991000,RB,HARD,20.0,,,TSU,8.0
TSU,0 days 00:01:20.557000,RB,HARD,21.0,,,TSU,8.0
TSU,0 days 00:01:20.875000,RB,HARD,22.0,,,TSU,8.0
TSU,0 days 00:01:20.450000,RB,HARD,23.0,,,TSU,8.0
TSU,0 days 00:01:20.386000,RB,HARD,24.0,,,TSU,8.0
TSU,0 days 00:01:20.329000,RB,HARD,25.0,,,TSU,8.0
TSU,0 days 00:01:20.448000,RB,HARD,26.0,,,TSU,8.0
TSU,0 days 00:01:20.286000,RB,HARD,27.0,,,TSU,8.0
TSU,0 days 00:01:20.184000,RB,HARD,28.0,,,TSU,8.0
TSU,0 days 00:01:19.837000,RB,HARD,29.0,,,TSU,8.0
TSU,0 days 00:01:20.495000,RB,HARD,30.0,,,TSU,8.0
TSU,0 days 00:01:20.190000,RB,HARD,31.0,,,TSU,8.0
TSU,0 days 00:01:21.023000,RB,HARD,32.0,,,TSU,8.0
TSU,0 days 00:01:20.749000,RB,HARD,33.0,,,TSU,8.0
TSU,0 days 00:01:19.153000,RB,HARD,34.0,,,TSU,8.0
TSU,0 days 00:01:18.973000,RB,HARD,35.0,,,TSU,8.0
TSU,0 days 00:01:19.472000,RB,HARD,36.0,,,TSU,8.0
TSU,0 days 00:01:20.071000,RB,HARD,37.0,,,TSU,8.0
TSU,0 days 00:01:20.117000,RB,HARD,38.0,,,TSU,8.0
TSU,0 days 00:01:19.855000,RB,HARD,39.0,,,TSU,8.0
TSU,0 days 00:01:19.745000,RB,HARD,40.0,,,TSU,8.0
TSU,0 days 00:01:20.772000,RB,HARD,41.0,,,TSU,8.0
TSU,0 days 00:01:20.320000,RB,HARD,42.0,,,TSU,8.0
TSU,0 days 00:01:20.135000,RB,HARD,43.0,,,TSU,8.0
TSU,0 days 00:01:20.394000,RB,HARD,44.0,,,TSU,8.0
TSU,0 days 00:01:20.144000,RB,HARD,45.0,,,TSU,8.0
TSU,0 days 00:01:20.294000,RB,HARD,46.0,,,TSU,8.0
TSU,0 days 00:01:20.426000,RB,HARD,47.0,,,TSU,8.0
TSU,0 days 00:01:20.543000,RB,HARD,48.0,,,TSU,8.0
TSU,0 days 00:01:20.109000,RB,HARD,49.0,,,TSU,8.0
TSU,0 days 00:01:19.553000,RB,HARD,50.0,,,TSU,8.0
TSU,0 days 00:01:18.640000,RB,HARD,51.0,,,TSU,8.0
TSU,0 days 00:01:20.114000,RB,HARD,52.0,,,TSU,8.0
TSU,0 days 00:01:19.854000,RB,HARD,53.0,,,TSU,8.0
TSU,0 days 00:01:25.770000,RB,HARD,54.0,,,TSU,8.0
TSU,0 days 00:01:19.781000,RB,HARD,55.0,,,TSU,8.0
TSU,0 days 00:01:18.502000,RB,HARD,56.0,,,TSU,8.0
TSU,0 days 00:01:18.499000,RB,HARD,57.0,,,TSU,8.0
TSU,0 days 00:01:18.737000,RB,HARD,58.0,,,TSU,8.0
TSU,0 days 00:01:18.035000,RB,HARD,59.0,,,TSU,8.0
TSU,0 days 00:01:19.659000,RB,HARD,60.0,,,TSU,8.0
TSU,0 days 00:01:20.298000,RB,HARD,61.0,,,TSU,8.0
TSU,0 days 00:01:19.375000,RB,HARD,62.0,,,TSU,8.0
TSU,0 days 00:01:23.218000,RB,HARD,63.0,,,TSU,8.0
TSU,0 days 00:01:17.631000,RB,HARD,64.0,,,TSU,8.0
TSU,0 days 00:01:17.019000,RB,HARD,65.0,,,TSU,8.0
TSU,0 days 00:01:18.197000,RB,HARD,66.0,,,TSU,8.0
TSU,0 days 00:01:18.148000,RB,HARD,67.0,,,TSU,8.0
TSU,0 days 00:01:18.209000,RB,HARD,68.0,,,TSU,8.0
TSU,0 days 00:01:20.032000,RB,HARD,69.0,,,TSU,8.0
TSU,0 days 00:01:19.347000,RB,HARD,70.0,,,TSU,8.0
TSU,0 days 00:01:18.258000,RB,HARD,71.0,,,TSU,8.0
TSU,0 days 00:01:17.079000,RB,HARD,72.0,,,TSU,8.0
TSU,0 days 00:01:15.955000,RB,HARD,73.0,,,TSU,8.0
TSU,0 days 00:01:15.462000,RB,HARD,74.0,,,TSU,8.0
TSU,0 days 00:01:14.992000,RB,HARD,75.0,,,TSU,8.0
TSU,0 days 00:01:15.205000,RB,HARD,76.0,,,TSU,8.0
TSU,0 days 00:01:14.720000,RB,HARD,77.0,,,TSU,8.0
ALB,0 days 00:41:34.817000,Williams,MEDIUM,1.0,,0 days 00:57:00.668000,ALB,9.0
ALB,0 days 00:02:22.255000,Williams,HARD,2.0,0 days 01:36:41.722000,,ALB,9.0
ALB,0 days 00:01:27.834000,Williams,HARD,3.0,,,ALB,9.0
ALB,0 days 00:01:23.286000,Williams,HARD,4.0,,,ALB,9.0
ALB,0 days 00:01:23.369000,Williams,HARD,5.0,,,ALB,9.0
ALB,0 days 00:01:23.416000,Williams,HARD,6.0,,,ALB,9.0
ALB,0 days 00:01:21.913000,Williams,HARD,7.0,,,ALB,9.0
ALB,0 days 00:01:21.536000,Williams,HARD,8.0,,,ALB,9.0
ALB,0 days 00:01:22.004000,Williams,HARD,9.0,,,ALB,9.0
ALB,0 days 00:01:21.562000,Williams,HARD,10.0,,,ALB,9.0
ALB,0 days 00:01:21.514000,Williams,HARD,11.0,,,ALB,9.0
ALB,0 days 00:01:20.821000,Williams,HARD,12.0,,,ALB,9.0
ALB,0 days 00:01:21.420000,Williams,HARD,13.0,,,ALB,9.0
ALB,0 days 00:01:20.591000,Williams,HARD,14.0,,,ALB,9.0
ALB,0 days 00:01:20.591000,Williams,HARD,15.0,,,ALB,9.0
ALB,0 days 00:01:20.793000,Williams,HARD,16.0,,,ALB,9.0
ALB,0 days 00:01:21.137000,Williams,HARD,17.0,,,ALB,9.0
ALB,0 days 00:01:20.042000,Williams,HARD,18.0,,,ALB,9.0
ALB,0 days 00:01:20.245000,Williams,HARD,19.0,,,ALB,9.0
ALB,0 days 00:01:20.360000,Williams,HARD,20.0,,,ALB,9.0
ALB,0 days 00:01:20.937000,Williams,HARD,21.0,,,ALB,9.0
ALB,0 days 00:01:20.542000,Williams,HARD,22.0,,,ALB,9.0
ALB,0 days 00:01:20.143000,Williams,HARD,23.0,,,ALB,9.0
ALB,0 days 00:01:20.517000,Williams,HARD,24.0,,,ALB,9.0
ALB,0 days 00:01:20.323000,Williams,HARD,25.0,,,ALB,9.0
ALB,0 days 00:01:20.463000,Williams,HARD,26.0,,,ALB,9.0
ALB,0 days 00:01:20.509000,Williams,HARD,27.0,,,ALB,9.0
ALB,0 days 00:01:19.510000,Williams,HARD,28.0,,,ALB,9.0
ALB,0 days 00:01:20.271000,Williams,HARD,29.0,,,ALB,9.0
ALB,0 days 00:01:21.439000,Williams,HARD,30.0,,,ALB,9.0
ALB,0 days 00:01:20.941000,Williams,HARD,31.0,,,ALB,9.0
ALB,0 days 00:01:20.148000,Williams,HARD,32.0,,,ALB,9.0
ALB,0 days 00:01:19.491000,Williams,HARD,33.0,,,ALB,9.0
ALB,0 days 00:01:19.134000,Williams,HARD,34.0,,,ALB,9.0
ALB,0 days 00:01:18.816000,Williams,HARD,35.0,,,ALB,9.0
ALB,0 days 00:01:21.628000,Williams,HARD,36.0,,,ALB,9.0
ALB,0 days 00:01:20.775000,Williams,HARD,37.0,,,ALB,9.0
ALB,0 days 00:01:20.314000,Williams,HARD,38.0,,,ALB,9.0
ALB,0 days 00:01:20.389000,Williams,HARD,39.0,,,ALB,9.0
ALB,0 days 00:01:19.812000,Williams,HARD,40.0,,,ALB,9.0
ALB,0 days 00:01:19.329000,Williams,HARD,41.0,,,ALB,9.0
ALB,0 days 00:01:20.084000,Williams,HARD,42.0,,,ALB,9.0
ALB,0 days 00:01:19.496000,Williams,HARD,43.0,,,ALB,9.0
ALB,0 days 00:01:19.683000,Williams,HARD,44.0,,,ALB,9.0
ALB,0 days 00:01:21.748000,Williams,HARD,45.0,,,ALB,9.0
ALB,0 days 00:01:20.594000,Williams,HARD,46.0,,,ALB,9.0
ALB,0 days 00:01:20.462000,Williams,HARD,47.0,,,ALB,9.0
ALB,0 days 00:01:19.321000,Williams,HARD,48.0,,,ALB,9.0
ALB,0 days 00:01:19.378000,Williams,HARD,49.0,,,ALB,9.0
ALB,0 days 00:01:19.268000,Williams,HARD,50.0,,,ALB,9.0
ALB,0 days 00:01:18.863000,Williams,HARD,51.0,,,ALB,9.0
ALB,0 days 00:01:21.554000,Williams,HARD,52.0,,,ALB,9.0
ALB,0 days 00:01:20.700000,Williams,HARD,53.0,,,ALB,9.0
ALB,0 days 00:01:23.647000,Williams,HARD,54.0,,,ALB,9.0
ALB,0 days 00:01:19.085000,Williams,HARD,55.0,,,ALB,9.0
ALB,0 days 00:01:18.796000,Williams,HARD,56.0,,,ALB,9.0
ALB,0 days 00:01:18.271000,Williams,HARD,57.0,,,ALB,9.0
ALB,0 days 00:01:18.690000,Williams,HARD,58.0,,,ALB,9.0
ALB,0 days 00:01:18.201000,Williams,HARD,59.0,,,ALB,9.0
ALB,0 days 00:01:19.533000,Williams,HARD,60.0,,,ALB,9.0
ALB,0 days 00:01:20.222000,Williams,HARD,61.0,,,ALB,9.0
ALB,0 days 00:01:19.506000,Williams,HARD,62.0,,,ALB,9.0
ALB,0 days 00:01:23.085000,Williams,HARD,63.0,,,ALB,9.0
ALB,0 days 00:01:17.911000,Williams,HARD,64.0,,,ALB,9.0
ALB,0 days 00:01:17.261000,Williams,HARD,65.0,,,ALB,9.0
ALB,0 days 00:01:18.003000,Williams,HARD,66.0,,,ALB,9.0
ALB,0 days 00:01:17.874000,Williams,HARD,67.0,,,ALB,9.0
ALB,0 days 00:01:18.385000,Williams,HARD,68.0,,,ALB,9.0
ALB,0 days 00:01:19.921000,Williams,HARD,69.0,,,ALB,9.0
ALB,0 days 00:01:19.370000,Williams,HARD,70.0,,,ALB,9.0
ALB,0 days 00:01:18.957000,Williams,HARD,71.0,,,ALB,9.0
ALB,0 days 00:01:18.165000,Williams,HARD,72.0,,,ALB,9.0
ALB,0 days 00:01:18.432000,Williams,HARD,73.0,,,ALB,9.0
ALB,0 days 00:01:18.014000,Williams,HARD,74.0,,,ALB,9.0
ALB,0 days 00:01:17.850000,Williams,HARD,75.0,,,ALB,9.0
ALB,0 days 00:01:17.279000,Williams,HARD,76.0,,,ALB,9.0
ALB,0 days 00:01:17.060000,Williams,HARD,77.0,,,ALB,9.0
GAS,0 days 00:41:37.695000,Alpine,HARD,1.0,,0 days 00:57:02.934000,GAS,10.0
GAS,0 days 00:02:19.618000,Alpine,MEDIUM,2.0,0 days 01:36:44.525000,,GAS,10.0
GAS,0 days 00:01:28.269000,Alpine,MEDIUM,3.0,,,GAS,10.0
GAS,0 days 00:01:23.269000,Alpine,MEDIUM,4.0,,,GAS,10.0
GAS,0 days 00:01:23.428000,Alpine,MEDIUM,5.0,,,GAS,10.0
GAS,0 days 00:01:23.106000,Alpine,MEDIUM,6.0,,,GAS,10.0
GAS,0 days 00:01:22.233000,Alpine,MEDIUM,7.0,,,GAS,10.0
GAS,0 days 00:01:21.600000,Alpine,MEDIUM,8.0,,,GAS,10.0
GAS,0 days 00:01:22.071000,Alpine,MEDIUM,9.0,,,GAS,10.0
GAS,0 days 00:01:21.394000,Alpine,MEDIUM,10.0,,,GAS,10.0
GAS,0 days 00:01:21.298000,Alpine,MEDIUM,11.0,,,GAS,10.0
GAS,0 days 00:01:21.289000,Alpine,MEDIUM,12.0,,,GAS,10.0
GAS,0 days 00:01:21.530000,Alpine,MEDIUM,13.0,,,GAS,10.0
GAS,0 days 00:01:19.920000,Alpine,MEDIUM,14.0,,,GAS,10.0
GAS,0 days 00:01:21.066000,Alpine,MEDIUM,15.0,,,GAS,10.0
GAS,0 days 00:01:21.054000,Alpine,MEDIUM,16.0,,,GAS,10.0
GAS,0 days 00:01:21.961000,Alpine,MEDIUM,17.0,,,GAS,10.0
GAS,0 days 00:01:20.797000,Alpine,MEDIUM,18.0,,,GAS,10.0
GAS,0 days 00:01:19.904000,Alpine,MEDIUM,19.0,,,GAS,10.0
GAS,0 days 00:01:20.255000,Alpine,MEDIUM,20.0,,,GAS,10.0
GAS,0 days 00:01:19.876000,Alpine,MEDIUM,21.0,,,GAS,10.0
GAS,0 days 00:01:20.554000,Alpine,MEDIUM,22.0,,,GAS,10.0
GAS,0 days 00:01:21.306000,Alpine,MEDIUM,23.0,,,GAS,10.0
GAS,0 days 00:01:20.949000,Alpine,MEDIUM,24.0,,,GAS,10.0
GAS,0 days 00:01:20.372000,Alpine,MEDIUM,25.0,,,GAS,10.0
GAS,0 days 00:01:20.593000,Alpine,MEDIUM,26.0,,,GAS,10.0
GAS,0 days 00:01:20.521000,Alpine,MEDIUM,27.0,,,GAS,10.0
GAS,0 days 00:01:20.229000,Alpine,MEDIUM,28.0,,,GAS,10.0
GAS,0 days 00:01:19.376000,Alpine,MEDIUM,29.0,,,GAS,10.0
GAS,0 days 00:01:21.764000,Alpine,MEDIUM,30.0,,,GAS,10.0
GAS,0 days 00:01:21.427000,Alpine,MEDIUM,31.0,,,GAS,10.0
GAS,0 days 00:01:21.121000,Alpine,MEDIUM,32.0,,,GAS,10.0
GAS,0 days 00:01:20.965000,Alpine,MEDIUM,33.0,,,GAS,10.0
GAS,0 days 00:01:20.751000,Alpine,MEDIUM,34.0,,,GAS,10.0
GAS,0 days 00:01:19.361000,Alpine,MEDIUM,35.0,,,GAS,10.0
GAS,0 days 00:01:19.576000,Alpine,MEDIUM,36.0,,,GAS,10.0
GAS,0 days 00:01:19.975000,Alpine,MEDIUM,37.0,,,GAS,10.0
GAS,0 days 00:01:19.428000,Alpine,MEDIUM,38.0,,,GAS,10.0
GAS,0 days 00:01:20.320000,Alpine,MEDIUM,39.0,,,GAS,10.0
GAS,0 days 00:01:20.384000,Alpine,MEDIUM,40.0,,,GAS,10.0
GAS,0 days 00:01:20.200000,Alpine,MEDIUM,41.0,,,GAS,10.0
GAS,0 days 00:01:19.977000,Alpine,MEDIUM,42.0,,,GAS,10.0
GAS,0 days 00:01:21.048000,Alpine,MEDIUM,43.0,,,GAS,10.0
GAS,0 days 00:01:20.621000,Alpine,MEDIUM,44.0,,,GAS,10.0
GAS,0 days 00:01:19.382000,Alpine,MEDIUM,45.0,,,GAS,10.0
GAS,0 days 00:01:19.970000,Alpine,MEDIUM,46.0,,,GAS,10.0
GAS,0 days 00:01:19.435000,Alpine,MEDIUM,47.0,,,GAS,10.0
GAS,0 days 00:01:19.865000,Alpine,MEDIUM,48.0,,,GAS,10.0
GAS,0 days 00:01:20.534000,Alpine,MEDIUM,49.0,,,GAS,10.0
GAS,0 days 00:01:21.023000,Alpine,MEDIUM,50.0,,,GAS,10.0
GAS,0 days 00:01:24.473000,Alpine,MEDIUM,51.0,,,GAS,10.0
GAS,0 days 00:01:19.743000,Alpine,MEDIUM,52.0,,,GAS,10.0
GAS,0 days 00:01:19.917000,Alpine,MEDIUM,53.0,,,GAS,10.0
GAS,0 days 00:01:19.091000,Alpine,MEDIUM,54.0,,,GAS,10.0
GAS,0 days 00:01:19.407000,Alpine,MEDIUM,55.0,,,GAS,10.0
GAS,0 days 00:01:19.704000,Alpine,MEDIUM,56.0,,,GAS,10.0
GAS,0 days 00:01:19.448000,Alpine,MEDIUM,57.0,,,GAS,10.0
GAS,0 days 00:01:19.097000,Alpine,MEDIUM,58.0,,,GAS,10.0
GAS,0 days 00:01:21.378000,Alpine,MEDIUM,59.0,,,GAS,10.0
GAS,0 days 00:01:20.237000,Alpine,MEDIUM,60.0,,,GAS,10.0
GAS,0 days 00:01:20.407000,Alpine,MEDIUM,61.0,,,GAS,10.0
GAS,0 days 00:01:18.469000,Alpine,MEDIUM,62.0,,,GAS,10.0
GAS,0 days 00:01:19.155000,Alpine,MEDIUM,63.0,,,GAS,10.0
GAS,0 days 00:01:18.868000,Alpine,MEDIUM,64.0,,,GAS,10.0
GAS,0 days 00:01:19.220000,Alpine,MEDIUM,65.0,,,GAS,10.0
GAS,0 days 00:01:18.726000,Alpine,MEDIUM,66.0,,,GAS,10.0
GAS,0 days 00:01:18.624000,Alpine,MEDIUM,67.0,,,GAS,10.0
GAS,0 days 00:01:18.545000,Alpine,MEDIUM,68.0,,,GAS,10.0
GAS,0 days 00:01:18.363000,Alpine,MEDIUM,69.0,,,GAS,10.0
GAS,0 days 00:01:17.799000,Alpine,MEDIUM,70.0,,,GAS,10.0
GAS,0 days 00:01:18.140000,Alpine,MEDIUM,71.0,,,GAS,10.0
GAS,0 days 00:01:18.382000,Alpine,MEDIUM,72.0,,,GAS,10.0
GAS,0 days 00:01:17.992000,Alpine,MEDIUM,73.0,,,GAS,10.0
GAS,0 days 00:01:16.689000,Alpine,MEDIUM,74.0,,,GAS,10.0
GAS,0 days 00:01:18.120000,Alpine,MEDIUM,75.0,,,GAS,10.0
GAS,0 days 00:01:17.516000,Alpine,MEDIUM,76.0,,,GAS,10.0
GAS,0 days 00:01:15.625000,Alpine,MEDIUM,77.0,,,GAS,10.0
ALO,0 days 00:41:53.184000,Aston Martin,HARD,1.0,,0 days 00:57:10.782000,ALO,11.0
ALO,0 days 00:02:04.571000,Aston Martin,MEDIUM,2.0,0 days 01:37:00.031000,,ALO,11.0
ALO,0 days 00:01:29.188000,Aston Martin,MEDIUM,3.0,,,ALO,11.0
ALO,0 days 00:01:23.736000,Aston Martin,MEDIUM,4.0,,,ALO,11.0
ALO,0 days 00:01:23.575000,Aston Martin,MEDIUM,5.0,,,ALO,11.0
ALO,0 days 00:01:22.711000,Aston Martin,MEDIUM,6.0,,,ALO,11.0
ALO,0 days 00:01:22.866000,Aston Martin,MEDIUM,7.0,,,ALO,11.0
ALO,0 days 00:01:22.284000,Aston Martin,MEDIUM,8.0,,,ALO,11.0
ALO,0 days 00:01:21.650000,Aston Martin,MEDIUM,9.0,,,ALO,11.0
ALO,0 days 00:01:21.864000,Aston Martin,MEDIUM,10.0,,,ALO,11.0
ALO,0 days 00:01:21.418000,Aston Martin,MEDIUM,11.0,,,ALO,11.0
ALO,0 days 00:01:21.366000,Aston Martin,MEDIUM,12.0,,,ALO,11.0
ALO,0 days 00:01:21.428000,Aston Martin,MEDIUM,13.0,,,ALO,11.0
ALO,0 days 00:01:21.392000,Aston Martin,MEDIUM,14.0,,,ALO,11.0
ALO,0 days 00:01:21.061000,Aston Martin,MEDIUM,15.0,,,ALO,11.0
ALO,0 days 00:01:21.318000,Aston Martin,MEDIUM,16.0,,,ALO,11.0
ALO,0 days 00:01:20.799000,Aston Martin,MEDIUM,17.0,,,ALO,11.0
ALO,0 days 00:01:21.075000,Aston Martin,MEDIUM,18.0,,,ALO,11.0
ALO,0 days 00:01:20.605000,Aston Martin,MEDIUM,19.0,,,ALO,11.0
ALO,0 days 00:01:21.110000,Aston Martin,MEDIUM,20.0,,,ALO,11.0
ALO,0 days 00:01:20.317000,Aston Martin,MEDIUM,21.0,,,ALO,11.0
ALO,0 days 00:01:21.037000,Aston Martin,MEDIUM,22.0,,,ALO,11.0
ALO,0 days 00:01:20.246000,Aston Martin,MEDIUM,23.0,,,ALO,11.0
ALO,0 days 00:01:21.413000,Aston Martin,MEDIUM,24.0,,,ALO,11.0
ALO,0 days 00:01:21.091000,Aston Martin,MEDIUM,25.0,,,ALO,11.0
ALO,0 days 00:01:20.858000,Aston Martin,MEDIUM,26.0,,,ALO,11.0
ALO,0 days 00:01:21.303000,Aston Martin,MEDIUM,27.0,,,ALO,11.0
ALO,0 days 00:01:21.544000,Aston Martin,MEDIUM,28.0,,,ALO,11.0
ALO,0 days 00:01:21.205000,Aston Martin,MEDIUM,29.0,,,ALO,11.0
ALO,0 days 00:01:21.034000,Aston Martin,MEDIUM,30.0,,,ALO,11.0
ALO,0 days 00:01:20.642000,Aston Martin,MEDIUM,31.0,,,ALO,11.0
ALO,0 days 00:01:21.010000,Aston Martin,MEDIUM,32.0,,,ALO,11.0
ALO,0 days 00:01:20.350000,Aston Martin,MEDIUM,33.0,,,ALO,11.0
ALO,0 days 00:01:20.877000,Aston Martin,MEDIUM,34.0,,,ALO,11.0
ALO,0 days 00:01:20.432000,Aston Martin,MEDIUM,35.0,,,ALO,11.0
ALO,0 days 00:01:21.128000,Aston Martin,MEDIUM,36.0,,,ALO,11.0
ALO,0 days 00:01:21.512000,Aston Martin,MEDIUM,37.0,,,ALO,11.0
ALO,0 days 00:01:21.082000,Aston Martin,MEDIUM,38.0,,,ALO,11.0
ALO,0 days 00:01:21.265000,Aston Martin,MEDIUM,39.0,,,ALO,11.0
ALO,0 days 00:01:20.755000,Aston Martin,MEDIUM,40.0,,,ALO,11.0
ALO,0 days 00:01:23.446000,Aston Martin,MEDIUM,41.0,,,ALO,11.0
ALO,0 days 00:01:23.332000,Aston Martin,MEDIUM,42.0,,,ALO,11.0
ALO,0 days 00:01:20.286000,Aston Martin,MEDIUM,43.0,,,ALO,11.0
ALO,0 days 00:01:18.852000,Aston Martin,MEDIUM,44.0,,,ALO,11.0
ALO,0 days 00:01:19.956000,Aston Martin,MEDIUM,45.0,,,ALO,11.0
ALO,0 days 00:01:18.928000,Aston Martin,MEDIUM,46.0,,,ALO,11.0
ALO,0 days 00:01:19.109000,Aston Martin,MEDIUM,47.0,,,ALO,11.0
ALO,0 days 00:01:20.315000,Aston Martin,MEDIUM,48.0,,,ALO,11.0
ALO,0 days 00:01:19.837000,Aston Martin,MEDIUM,49.0,,,ALO,11.0
ALO,0 days 00:01:19.334000,Aston Martin,MEDIUM,50.0,,,ALO,11.0
ALO,0 days 00:01:20.636000,Aston Martin,MEDIUM,51.0,,,ALO,11.0
ALO,0 days 00:01:23.377000,Aston Martin,MEDIUM,52.0,,,ALO,11.0
ALO,0 days 00:01:19.992000,Aston Martin,MEDIUM,53.0,,,ALO,11.0
ALO,0 days 00:01:19.191000,Aston Martin,MEDIUM,54.0,,,ALO,11.0
ALO,0 days 00:01:19.411000,Aston Martin,MEDIUM,55.0,,,ALO,11.0
ALO,0 days 00:01:20.739000,Aston Martin,MEDIUM,56.0,,,ALO,11.0
ALO,0 days 00:01:20.600000,Aston Martin,MEDIUM,57.0,,,ALO,11.0
ALO,0 days 00:01:19.229000,Aston Martin,MEDIUM,58.0,,,ALO,11.0
ALO,0 days 00:01:19.219000,Aston Martin,MEDIUM,59.0,,,ALO,11.0
ALO,0 days 00:01:19.166000,Aston Martin,MEDIUM,60.0,,,ALO,11.0
ALO,0 days 00:01:18.752000,Aston Martin,MEDIUM,61.0,,,ALO,11.0
ALO,0 days 00:01:18.816000,Aston Martin,MEDIUM,62.0,,,ALO,11.0
ALO,0 days 00:01:18.556000,Aston Martin,MEDIUM,63.0,,,ALO,11.0
ALO,0 days 00:01:18.736000,Aston Martin,MEDIUM,64.0,,,ALO,11.0
ALO,0 days 00:01:18.633000,Aston Martin,MEDIUM,65.0,,,ALO,11.0
ALO,0 days 00:01:18.637000,Aston Martin,MEDIUM,66.0,,,ALO,11.0
ALO,0 days 00:01:18.126000,Aston Martin,MEDIUM,67.0,,,ALO,11.0
ALO,0 days 00:01:17.939000,Aston Martin,MEDIUM,68.0,,,ALO,11.0
ALO,0 days 00:01:18.713000,Aston Martin,MEDIUM,69.0,,,ALO,11.0
ALO,0 days 00:01:18.473000,Aston Martin,MEDIUM,70.0,,,ALO,11.0
ALO,0 days 00:01:18.133000,Aston Martin,MEDIUM,71.0,,,ALO,11.0
ALO,0 days 00:01:18.081000,Aston Martin,MEDIUM,72.0,,,ALO,11.0
ALO,0 days 00:01:18.504000,Aston Martin,MEDIUM,73.0,,,ALO,11.0
ALO,0 days 00:01:20.336000,Aston Martin,MEDIUM,74.0,,,ALO,11.0
ALO,0 days 00:01:18.663000,Aston Martin,MEDIUM,75.0,,,ALO,11.0
ALO,0 days 00:01:19.053000,Aston Martin,MEDIUM,76.0,,,ALO,11.0
RIC,0 days 00:41:47.607000,RB,MEDIUM,1.0,,0 days 00:57:09.029000,RIC,12.0
RIC,0 days 00:02:10.108000,RB,HARD,2.0,0 days 01:36:54.504000,,RIC,12.0
RIC,0 days 00:01:29.656000,RB,HARD,3.0,,,RIC,12.0
RIC,0 days 00:01:23.524000,RB,HARD,4.0,,,RIC,12.0
RIC,0 days 00:01:23.744000,RB,HARD,5.0,,,RIC,12.0
RIC,0 days 00:01:22.748000,RB,HARD,6.0,,,RIC,12.0
RIC,0 days 00:01:22.747000,RB,HARD,7.0,,,RIC,12.0
RIC,0 days 00:01:22.433000,RB,HARD,8.0,,,RIC,12.0
RIC,0 days 00:01:21.528000,RB,HARD,9.0,,,RIC,12.0
RIC,0 days 00:01:21.976000,RB,HARD,10.0,,,RIC,12.0
RIC,0 days 00:01:21.530000,RB,HARD,11.0,,,RIC,12.0
RIC,0 days 00:01:21.277000,RB,HARD,12.0,,,RIC,12.0
RIC,0 days 00:01:21.416000,RB,HARD,13.0,,,RIC,12.0
RIC,0 days 00:01:21.391000,RB,HARD,14.0,,,RIC,12.0
RIC,0 days 00:01:21.177000,RB,HARD,15.0,,,RIC,12.0
RIC,0 days 00:01:21.125000,RB,HARD,16.0,,,RIC,12.0
RIC,0 days 00:01:20.862000,RB,HARD,17.0,,,RIC,12.0
RIC,0 days 00:01:21.108000,RB,HARD,18.0,,,RIC,12.0
RIC,0 days 00:01:21.310000,RB,HARD,19.0,,,RIC,12.0
RIC,0 days 00:01:20.942000,RB,HARD,20.0,,,RIC,12.0
RIC,0 days 00:01:20.817000,RB,HARD,21.0,,,RIC,12.0
RIC,0 days 00:01:20.849000,RB,HARD,22.0,,,RIC,12.0
RIC,0 days 00:01:20.662000,RB,HARD,23.0,,,RIC,12.0
RIC,0 days 00:01:20.348000,RB,HARD,24.0,,,RIC,12.0
RIC,0 days 00:01:21.029000,RB,HARD,25.0,,,RIC,12.0
RIC,0 days 00:01:20.691000,RB,HARD,26.0,,,RIC,12.0
RIC,0 days 00:01:21.365000,RB,HARD,27.0,,,RIC,12.0
RIC,0 days 00:01:21.566000,RB,HARD,28.0,,,RIC,12.0
RIC,0 days 00:01:21.265000,RB,HARD,29.0,,,RIC,12.0
RIC,0 days 00:01:20.900000,RB,HARD,30.0,,,RIC,12.0
RIC,0 days 00:01:20.703000,RB,HARD,31.0,,,RIC,12.0
RIC,0 days 00:01:20.940000,RB,HARD,32.0,,,RIC,12.0
RIC,0 days 00:01:20.395000,RB,HARD,33.0,,,RIC,12.0
RIC,0 days 00:01:20.840000,RB,HARD,34.0,,,RIC,12.0
RIC,0 days 00:01:20.540000,RB,HARD,35.0,,,RIC,12.0
RIC,0 days 00:01:21.126000,RB,HARD,36.0,,,RIC,12.0
RIC,0 days 00:01:21.358000,RB,HARD,37.0,,,RIC,12.0
RIC,0 days 00:01:21.099000,RB,HARD,38.0,,,RIC,12.0
RIC,0 days 00:01:21.255000,RB,HARD,39.0,,,RIC,12.0
RIC,0 days 00:01:20.870000,RB,HARD,40.0,,,RIC,12.0
RIC,0 days 00:01:25.218000,RB,HARD,41.0,,,RIC,12.0
RIC,0 days 00:01:21.527000,RB,HARD,42.0,,,RIC,12.0
RIC,0 days 00:01:21.053000,RB,HARD,43.0,,,RIC,12.0
RIC,0 days 00:01:18.003000,RB,HARD,44.0,,,RIC,12.0
RIC,0 days 00:01:21.761000,RB,HARD,45.0,,,RIC,12.0
RIC,0 days 00:01:17.172000,RB,HARD,46.0,,,RIC,12.0
RIC,0 days 00:01:21.071000,RB,HARD,47.0,,,RIC,12.0
RIC,0 days 00:01:18.282000,RB,HARD,48.0,,,RIC,12.0
RIC,0 days 00:01:19.837000,RB,HARD,49.0,,,RIC,12.0
RIC,0 days 00:01:19.796000,RB,HARD,50.0,,,RIC,12.0
RIC,0 days 00:01:22.683000,RB,HARD,51.0,,,RIC,12.0
RIC,0 days 00:01:20.696000,RB,HARD,52.0,,,RIC,12.0
RIC,0 days 00:01:20.079000,RB,HARD,53.0,,,RIC,12.0
RIC,0 days 00:01:19.176000,RB,HARD,54.0,,,RIC,12.0
RIC,0 days 00:01:19.457000,RB,HARD,55.0,,,RIC,12.0
RIC,0 days 00:01:22.007000,RB,HARD,56.0,,,RIC,12.0
RIC,0 days 00:01:19.672000,RB,HARD,57.0,,,RIC,12.0
RIC,0 days 00:01:19.119000,RB,HARD,58.0,,,RIC,12.0
RIC,0 days 00:01:18.936000,RB,HARD,59.0,,,RIC,12.0
RIC,0 days 00:01:19.230000,RB,HARD,60.0,,,RIC,12.0
RIC,0 days 00:01:18.771000,RB,HARD,61.0,,,RIC,12.0
RIC,0 days 00:01:18.977000,RB,HARD,62.0,,,RIC,12.0
RIC,0 days 00:01:18.805000,RB,HARD,63.0,,,RIC,12.0
RIC,0 days 00:01:18.637000,RB,HARD,64.0,,,RIC,12.0
RIC,0 days 00:01:18.730000,RB,HARD,65.0,,,RIC,12.0
RIC,0 days 00:01:18.248000,RB,HARD,66.0,,,RIC,12.0
RIC,0 days 00:01:18.219000,RB,HARD,67.0,,,RIC,12.0
RIC,0 days 00:01:18.116000,RB,HARD,68.0,,,RIC,12.0
RIC,0 days 00:01:18.386000,RB,HARD,69.0,,,RIC,12.0
RIC,0 days 00:01:18.706000,RB,HARD,70.0,,,RIC,12.0
RIC,0 days 00:01:18.108000,RB,HARD,71.0,,,RIC,12.0
RIC,0 days 00:01:18.068000,RB,HARD,72.0,,,RIC,12.0
RIC,0 days 00:01:18.512000,RB,HARD,73.0,,,RIC,12.0
RIC,0 days 00:01:20.358000,RB,HARD,74.0,,,RIC,12.0
RIC,0 days 00:01:18.645000,RB,HARD,75.0,,,RIC,12.0
RIC,0 days 00:01:18.930000,RB,HARD,76.0,,,RIC,12.0
BOT,0 days 00:42:01.748000,Kick Sauber,HARD,1.0,,0 days 00:57:14.608000,BOT,13.0
BOT,0 days 00:01:56.358000,Kick Sauber,MEDIUM,2.0,0 days 01:37:08.441000,,BOT,13.0
BOT,0 days 00:01:29.743000,Kick Sauber,MEDIUM,3.0,,,BOT,13.0
BOT,0 days 00:01:23.386000,Kick Sauber,MEDIUM,4.0,,,BOT,13.0
BOT,0 days 00:01:23.636000,Kick Sauber,MEDIUM,5.0,,,BOT,13.0
BOT,0 days 00:01:22.868000,Kick Sauber,MEDIUM,6.0,,,BOT,13.0
BOT,0 days 00:01:22.832000,Kick Sauber,MEDIUM,7.0,,,BOT,13.0
BOT,0 days 00:01:22.249000,Kick Sauber,MEDIUM,8.0,,,BOT,13.0
BOT,0 days 00:01:21.715000,Kick Sauber,MEDIUM,9.0,,,BOT,13.0
BOT,0 days 00:01:21.947000,Kick Sauber,MEDIUM,10.0,,,BOT,13.0
BOT,0 days 00:01:21.547000,Kick Sauber,MEDIUM,11.0,,,BOT,13.0
BOT,0 days 00:01:21.328000,Kick Sauber,MEDIUM,12.0,,,BOT,13.0
BOT,0 days 00:01:21.540000,Kick Sauber,MEDIUM,13.0,,,BOT,13.0
BOT,0 days 00:01:21.221000,Kick Sauber,MEDIUM,14.0,,,BOT,13.0
BOT,0 days 00:01:37.899000,Kick Sauber,MEDIUM,15.0,,0 days 01:56:52.474000,BOT,13.0
BOT,0 days 00:01:20.012000,Kick Sauber,HARD,16.0,0 days 01:57:16.741000,,BOT,13.0
BOT,0 days 00:01:16.561000,Kick Sauber,HARD,17.0,,,BOT,13.0
BOT,0 days 00:01:16.567000,Kick Sauber,HARD,18.0,,,BOT,13.0
BOT,0 days 00:01:17.829000,Kick Sauber,HARD,19.0,,,BOT,13.0
BOT,0 days 00:01:19.124000,Kick Sauber,HARD,20.0,,,BOT,13.0
BOT,0 days 00:01:20.462000,Kick Sauber,HARD,21.0,,,BOT,13.0
BOT,0 days 00:01:21.022000,Kick Sauber,HARD,22.0,,,BOT,13.0
BOT,0 days 00:01:20.750000,Kick Sauber,HARD,23.0,,,BOT,13.0
BOT,0 days 00:01:20.564000,Kick Sauber,HARD,24.0,,,BOT,13.0
BOT,0 days 00:01:20.783000,Kick Sauber,HARD,25.0,,,BOT,13.0
BOT,0 days 00:01:20.851000,Kick Sauber,HARD,26.0,,,BOT,13.0
BOT,0 days 00:01:21.370000,Kick Sauber,HARD,27.0,,,BOT,13.0
BOT,0 days 00:01:21.765000,Kick Sauber,HARD,28.0,,,BOT,13.0
BOT,0 days 00:01:20.857000,Kick Sauber,HARD,29.0,,,BOT,13.0
BOT,0 days 00:01:21.470000,Kick Sauber,HARD,30.0,,,BOT,13.0
BOT,0 days 00:01:20.752000,Kick Sauber,HARD,31.0,,,BOT,13.0
BOT,0 days 00:01:20.658000,Kick Sauber,HARD,32.0,,,BOT,13.0
BOT,0 days 00:01:20.525000,Kick Sauber,HARD,33.0,,,BOT,13.0
BOT,0 days 00:01:20.903000,Kick Sauber,HARD,34.0,,,BOT,13.0
BOT,0 days 00:01:20.254000,Kick Sauber,HARD,35.0,,,BOT,13.0
BOT,0 days 00:01:21.196000,Kick Sauber,HARD,36.0,,,BOT,13.0
BOT,0 days 00:01:21.386000,Kick Sauber,HARD,37.0,,,BOT,13.0
BOT,0 days 00:01:20.948000,Kick Sauber,HARD,38.0,,,BOT,13.0
BOT,0 days 00:01:23.172000,Kick Sauber,HARD,39.0,,,BOT,13.0
BOT,0 days 00:01:23.591000,Kick Sauber,HARD,40.0,,,BOT,13.0
BOT,0 days 00:01:20.230000,Kick Sauber,HARD,41.0,,,BOT,13.0
BOT,0 days 00:01:22.109000,Kick Sauber,HARD,42.0,,,BOT,13.0
BOT,0 days 00:01:20.912000,Kick Sauber,HARD,43.0,,,BOT,13.0
BOT,0 days 00:01:19.772000,Kick Sauber,HARD,44.0,,,BOT,13.0
BOT,0 days 00:01:20.043000,Kick Sauber,HARD,45.0,,,BOT,13.0
BOT,0 days 00:01:20.417000,Kick Sauber,HARD,46.0,,,BOT,13.0
BOT,0 days 00:01:22.969000,Kick Sauber,HARD,47.0,,,BOT,13.0
BOT,0 days 00:01:20.562000,Kick Sauber,HARD,48.0,,,BOT,13.0
BOT,0 days 00:01:20.818000,Kick Sauber,HARD,49.0,,,BOT,13.0
BOT,0 days 00:01:20.239000,Kick Sauber,HARD,50.0,,,BOT,13.0
BOT,0 days 00:01:17.205000,Kick Sauber,HARD,51.0,,,BOT,13.0
BOT,0 days 00:01:17.202000,Kick Sauber,HARD,52.0,,,BOT,13.0
BOT,0 days 00:01:18.456000,Kick Sauber,HARD,53.0,,,BOT,13.0
BOT,0 days 00:01:19.403000,Kick Sauber,HARD,54.0,,,BOT,13.0
BOT,0 days 00:01:20.375000,Kick Sauber,HARD,55.0,,,BOT,13.0
BOT,0 days 00:01:21.657000,Kick Sauber,HARD,56.0,,,BOT,13.0
BOT,0 days 00:01:18.994000,Kick Sauber,HARD,57.0,,,BOT,13.0
BOT,0 days 00:01:19.280000,Kick Sauber,HARD,58.0,,,BOT,13.0
BOT,0 days 00:01:18.999000,Kick Sauber,HARD,59.0,,,BOT,13.0
BOT,0 days 00:01:19.069000,Kick Sauber,HARD,60.0,,,BOT,13.0
BOT,0 days 00:01:18.623000,Kick Sauber,HARD,61.0,,,BOT,13.0
BOT,0 days 00:01:18.964000,Kick Sauber,HARD,62.0,,,BOT,13.0
BOT,0 days 00:01:19.024000,Kick Sauber,HARD,63.0,,,BOT,13.0
BOT,0 days 00:01:18.531000,Kick Sauber,HARD,64.0,,,BOT,13.0
BOT,0 days 00:01:18.642000,Kick Sauber,HARD,65.0,,,BOT,13.0
BOT,0 days 00:01:18.383000,Kick Sauber,HARD,66.0,,,BOT,13.0
BOT,0 days 00:01:18.467000,Kick Sauber,HARD,67.0,,,BOT,13.0
BOT,0 days 00:01:18.052000,Kick Sauber,HARD,68.0,,,BOT,13.0
BOT,0 days 00:01:18.088000,Kick Sauber,HARD,69.0,,,BOT,13.0
BOT,0 days 00:01:18.778000,Kick Sauber,HARD,70.0,,,BOT,13.0
BOT,0 days 00:01:18.104000,Kick Sauber,HARD,71.0,,,BOT,13.0
BOT,0 days 00:01:18.347000,Kick Sauber,HARD,72.0,,,BOT,13.0
BOT,0 days 00:01:20.068000,Kick Sauber,HARD,73.0,,,BOT,13.0
BOT,0 days 00:01:18.318000,Kick Sauber,HARD,74.0,,,BOT,13.0
BOT,0 days 00:01:18.779000,Kick Sauber,HARD,75.0,,,BOT,13.0
BOT,0 days 00:01:18.774000,Kick Sauber,HARD,76.0,,,BOT,13.0
STR,0 days 00:41:42.648000,Aston Martin,HARD,1.0,,0 days 00:57:06.173000,STR,14.0
STR,0 days 00:02:14.844000,Aston Martin,MEDIUM,2.0,0 days 01:36:49.541000,,STR,14.0
STR,0 days 00:01:28.303000,Aston Martin,MEDIUM,3.0,,,STR,14.0
STR,0 days 00:01:23.354000,Aston Martin,MEDIUM,4.0,,,STR,14.0
STR,0 days 00:01:23.731000,Aston Martin,MEDIUM,5.0,,,STR,14.0
STR,0 days 00:01:22.977000,Aston Martin,MEDIUM,6.0,,,STR,14.0
STR,0 days 00:01:22.634000,Aston Martin,MEDIUM,7.0,,,STR,14.0
STR,0 days 00:01:21.653000,Aston Martin,MEDIUM,8.0,,,STR,14.0
STR,0 days 00:01:22.090000,Aston Martin,MEDIUM,9.0,,,STR,14.0
STR,0 days 00:01:21.725000,Aston Martin,MEDIUM,10.0,,,STR,14.0
STR,0 days 00:01:21.517000,Aston Martin,MEDIUM,11.0,,,STR,14.0
STR,0 days 00:01:21.471000,Aston Martin,MEDIUM,12.0,,,STR,14.0
STR,0 days 00:01:21.314000,Aston Martin,MEDIUM,13.0,,,STR,14.0
STR,0 days 00:01:20.427000,Aston Martin,MEDIUM,14.0,,,STR,14.0
STR,0 days 00:01:20.781000,Aston Martin,MEDIUM,15.0,,,STR,14.0
STR,0 days 00:01:21.189000,Aston Martin,MEDIUM,16.0,,,STR,14.0
STR,0 days 00:01:21.970000,Aston Martin,MEDIUM,17.0,,,STR,14.0
STR,0 days 00:01:20.698000,Aston Martin,MEDIUM,18.0,,,STR,14.0
STR,0 days 00:01:20.353000,Aston Martin,MEDIUM,19.0,,,STR,14.0
STR,0 days 00:01:19.398000,Aston Martin,MEDIUM,20.0,,,STR,14.0
STR,0 days 00:01:19.016000,Aston Martin,MEDIUM,21.0,,,STR,14.0
STR,0 days 00:01:21.307000,Aston Martin,MEDIUM,22.0,,,STR,14.0
STR,0 days 00:01:21.188000,Aston Martin,MEDIUM,23.0,,,STR,14.0
STR,0 days 00:01:21.621000,Aston Martin,MEDIUM,24.0,,,STR,14.0
STR,0 days 00:01:20.506000,Aston Martin,MEDIUM,25.0,,,STR,14.0
STR,0 days 00:01:20.589000,Aston Martin,MEDIUM,26.0,,,STR,14.0
STR,0 days 00:01:20.307000,Aston Martin,MEDIUM,27.0,,,STR,14.0
STR,0 days 00:01:20.131000,Aston Martin,MEDIUM,28.0,,,STR,14.0
STR,0 days 00:01:19.464000,Aston Martin,MEDIUM,29.0,,,STR,14.0
STR,0 days 00:01:21.422000,Aston Martin,MEDIUM,30.0,,,STR,14.0
STR,0 days 00:01:22.535000,Aston Martin,MEDIUM,31.0,,,STR,14.0
STR,0 days 00:01:21.252000,Aston Martin,MEDIUM,32.0,,,STR,14.0
STR,0 days 00:01:20.536000,Aston Martin,MEDIUM,33.0,,,STR,14.0
STR,0 days 00:01:19.789000,Aston Martin,MEDIUM,34.0,,,STR,14.0
STR,0 days 00:01:19.497000,Aston Martin,MEDIUM,35.0,,,STR,14.0
STR,0 days 00:01:19.297000,Aston Martin,MEDIUM,36.0,,,STR,14.0
STR,0 days 00:01:19.638000,Aston Martin,MEDIUM,37.0,,,STR,14.0
STR,0 days 00:01:19.706000,Aston Martin,MEDIUM,38.0,,,STR,14.0
STR,0 days 00:01:19.867000,Aston Martin,MEDIUM,39.0,,,STR,14.0
STR,0 days 00:01:20.450000,Aston Martin,MEDIUM,40.0,,,STR,14.0
STR,0 days 00:01:20.200000,Aston Martin,MEDIUM,41.0,,,STR,14.0
STR,0 days 00:01:37.062000,Aston Martin,MEDIUM,42.0,,0 days 02:33:01.090000,STR,14.0
STR,0 days 00:01:22.775000,Aston Martin,HARD,43.0,0 days 02:33:25.167000,,STR,14.0
STR,0 days 00:01:18.551000,Aston Martin,HARD,44.0,,,STR,14.0
STR,0 days 00:01:18.806000,Aston Martin,HARD,45.0,,,STR,14.0
STR,0 days 00:01:18.296000,Aston Martin,HARD,46.0,,,STR,14.0
STR,0 days 00:01:18.062000,Aston Martin,HARD,47.0,,,STR,14.0
STR,0 days 00:01:49.132000,Aston Martin,HARD,48.0,,0 days 02:41:22.662000,STR,14.0
STR,0 days 00:01:19.089000,Aston Martin,SOFT,49.0,0 days 02:41:50.787000,,STR,14.0
STR,0 days 00:01:17.788000,Aston Martin,SOFT,50.0,,,STR,14.0
STR,0 days 00:01:16.982000,Aston Martin,SOFT,51.0,,,STR,14.0
STR,0 days 00:01:17.350000,Aston Martin,SOFT,52.0,,,STR,14.0
STR,0 days 00:01:21.547000,Aston Martin,SOFT,53.0,,,STR,14.0
STR,0 days 00:01:20.571000,Aston Martin,SOFT,54.0,,,STR,14.0
STR,0 days 00:01:19.963000,Aston Martin,SOFT,55.0,,,STR,14.0
STR,0 days 00:01:17.279000,Aston Martin,SOFT,56.0,,,STR,14.0
STR,0 days 00:01:16.914000,Aston Martin,SOFT,57.0,,,STR,14.0
STR,0 days 00:01:17.156000,Aston Martin,SOFT,58.0,,,STR,14.0
STR,0 days 00:01:16.710000,Aston Martin,SOFT,59.0,,,STR,14.0
STR,0 days 00:01:17.326000,Aston Martin,SOFT,60.0,,,STR,14.0
STR,0 days 00:01:18.298000,Aston Martin,SOFT,61.0,,,STR,14.0
STR,0 days 00:01:19.070000,Aston Martin,SOFT,62.0,,,STR,14.0
STR,0 days 00:01:19.100000,Aston Martin,SOFT,63.0,,,STR,14.0
STR,0 days 00:01:18.425000,Aston Martin,SOFT,64.0,,,STR,14.0
STR,0 days 00:01:18.732000,Aston Martin,SOFT,65.0,,,STR,14.0
STR,0 days 00:01:18.748000,Aston Martin,SOFT,66.0,,,STR,14.0
STR,0 days 00:01:18.636000,Aston Martin,SOFT,67.0,,,STR,14.0
STR,0 days 00:01:18.057000,Aston Martin,SOFT,68.0,,,STR,14.0
STR,0 days 00:01:18.275000,Aston Martin,SOFT,69.0,,,STR,14.0
STR,0 days 00:01:18.557000,Aston Martin,SOFT,70.0,,,STR,14.0
STR,0 days 00:01:18.464000,Aston Martin,SOFT,71.0,,,STR,14.0
STR,0 days 00:01:18.332000,Aston Martin,SOFT,72.0,,,STR,14.0
STR,0 days 00:01:20.709000,Aston Martin,SOFT,73.0,,,STR,14.0
STR,0 days 00:01:18.230000,Aston Martin,SOFT,74.0,,,STR,14.0
STR,0 days 00:01:18.511000,Aston Martin,SOFT,75.0,,,STR,14.0
STR,0 days 00:01:18.623000,Aston Martin,SOFT,76.0,,,STR,14.0
SAR,0 days 00:41:56.858000,Williams,HARD,1.0,,0 days 00:57:12.277000,SAR,15.0
SAR,0 days 00:02:01.235000,Williams,HARD,2.0,0 days 01:37:03.705000,,SAR,15.0
SAR,0 days 00:01:30.077000,Williams,HARD,3.0,,,SAR,15.0
SAR,0 days 00:01:23.682000,Williams,HARD,4.0,,,SAR,15.0
SAR,0 days 00:01:23.674000,Williams,HARD,5.0,,,SAR,15.0
SAR,0 days 00:01:22.739000,Williams,HARD,6.0,,,SAR,15.0
SAR,0 days 00:01:22.899000,Williams,HARD,7.0,,,SAR,15.0
SAR,0 days 00:01:22.221000,Williams,HARD,8.0,,,SAR,15.0
SAR,0 days 00:01:21.679000,Williams,HARD,9.0,,,SAR,15.0
SAR,0 days 00:01:21.944000,Williams,HARD,10.0,,,SAR,15.0
SAR,0 days 00:01:21.492000,Williams,HARD,11.0,,,SAR,15.0
SAR,0 days 00:01:21.404000,Williams,HARD,12.0,,,SAR,15.0
SAR,0 days 00:01:21.499000,Williams,HARD,13.0,,,SAR,15.0
SAR,0 days 00:01:21.219000,Williams,HARD,14.0,,,SAR,15.0
SAR,0 days 00:01:21.340000,Williams,HARD,15.0,,,SAR,15.0
SAR,0 days 00:01:20.646000,Williams,HARD,16.0,,,SAR,15.0
SAR,0 days 00:01:21.016000,Williams,HARD,17.0,,,SAR,15.0
SAR,0 days 00:01:21.031000,Williams,HARD,18.0,,,SAR,15.0
SAR,0 days 00:01:21.221000,Williams,HARD,19.0,,,SAR,15.0
SAR,0 days 00:01:20.853000,Williams,HARD,20.0,,,SAR,15.0
SAR,0 days 00:01:20.849000,Williams,HARD,21.0,,,SAR,15.0
SAR,0 days 00:01:20.897000,Williams,HARD,22.0,,,SAR,15.0
SAR,0 days 00:01:20.593000,Williams,HARD,23.0,,,SAR,15.0
SAR,0 days 00:01:20.395000,Williams,HARD,24.0,,,SAR,15.0
SAR,0 days 00:01:20.903000,Williams,HARD,25.0,,,SAR,15.0
SAR,0 days 00:01:20.929000,Williams,HARD,26.0,,,SAR,15.0
SAR,0 days 00:01:21.231000,Williams,HARD,27.0,,,SAR,15.0
SAR,0 days 00:01:21.604000,Williams,HARD,28.0,,,SAR,15.0
SAR,0 days 00:01:21.334000,Williams,HARD,29.0,,,SAR,15.0
SAR,0 days 00:01:20.840000,Williams,HARD,30.0,,,SAR,15.0
SAR,0 days 00:01:20.775000,Williams,HARD,31.0,,,SAR,15.0
SAR,0 days 00:01:20.797000,Williams,HARD,32.0,,,SAR,15.0
SAR,0 days 00:01:20.530000,Williams,HARD,33.0,,,SAR,15.0
SAR,0 days 00:01:20.738000,Williams,HARD,34.0,,,SAR,15.0
SAR,0 days 00:01:20.584000,Williams,HARD,35.0,,,SAR,15.0
SAR,0 days 00:01:21.134000,Williams,HARD,36.0,,,SAR,15.0
SAR,0 days 00:01:21.404000,Williams,HARD,37.0,,,SAR,15.0
SAR,0 days 00:01:21.131000,Williams,HARD,38.0,,,SAR,15.0
SAR,0 days 00:01:21.273000,Williams,HARD,39.0,,,SAR,15.0
SAR,0 days 00:01:21.780000,Williams,HARD,40.0,,,SAR,15.0
SAR,0 days 00:01:24.378000,Williams,HARD,41.0,,,SAR,15.0
SAR,0 days 00:01:21.870000,Williams,HARD,42.0,,,SAR,15.0
SAR,0 days 00:01:20.552000,Williams,HARD,43.0,,,SAR,15.0
SAR,0 days 00:01:19.511000,Williams,HARD,44.0,,,SAR,15.0
SAR,0 days 00:01:20.720000,Williams,HARD,45.0,,,SAR,15.0
SAR,0 days 00:01:20.124000,Williams,HARD,46.0,,,SAR,15.0
SAR,0 days 00:01:19.888000,Williams,HARD,47.0,,,SAR,15.0
SAR,0 days 00:01:20.970000,Williams,HARD,48.0,,,SAR,15.0
SAR,0 days 00:01:23.966000,Williams,HARD,49.0,,,SAR,15.0
SAR,0 days 00:01:20.292000,Williams,HARD,50.0,,,SAR,15.0
SAR,0 days 00:01:21.817000,Williams,HARD,51.0,,,SAR,15.0
SAR,0 days 00:01:20.780000,Williams,HARD,52.0,,,SAR,15.0
SAR,0 days 00:01:21.318000,Williams,HARD,53.0,,,SAR,15.0
SAR,0 days 00:01:22.289000,Williams,HARD,54.0,,,SAR,15.0
SAR,0 days 00:01:20.342000,Williams,HARD,55.0,,,SAR,15.0
SAR,0 days 00:01:21.474000,Williams,HARD,56.0,,,SAR,15.0
SAR,0 days 00:01:37.746000,Williams,HARD,57.0,,0 days 02:53:38.899000,SAR,15.0
SAR,0 days 00:01:19.809000,Williams,MEDIUM,58.0,0 days 02:54:03.280000,,SAR,15.0
SAR,0 days 00:01:15.594000,Williams,MEDIUM,59.0,,,SAR,15.0
SAR,0 days 00:01:15.580000,Williams,MEDIUM,60.0,,,SAR,15.0
SAR,0 days 00:01:15.558000,Williams,MEDIUM,61.0,,,SAR,15.0
SAR,0 days 00:01:15.525000,Williams,MEDIUM,62.0,,,SAR,15.0
SAR,0 days 00:01:15.688000,Williams,MEDIUM,63.0,,,SAR,15.0
SAR,0 days 00:01:16.895000,Williams,MEDIUM,64.0,,,SAR,15.0
SAR,0 days 00:01:19.869000,Williams,MEDIUM,65.0,,,SAR,15.0
SAR,0 days 00:01:20.799000,Williams,MEDIUM,66.0,,,SAR,15.0
SAR,0 days 00:01:20.347000,Williams,MEDIUM,67.0,,,SAR,15.0
SAR,0 days 00:01:20.004000,Williams,MEDIUM,68.0,,,SAR,15.0
SAR,0 days 00:01:16.077000,Williams,MEDIUM,69.0,,,SAR,15.0
SAR,0 days 00:01:16.866000,Williams,MEDIUM,70.0,,,SAR,15.0
SAR,0 days 00:01:16.326000,Williams,MEDIUM,71.0,,,SAR,15.0
SAR,0 days 00:01:16.402000,Williams,MEDIUM,72.0,,,SAR,15.0
SAR,0 days 00:01:16.370000,Williams,MEDIUM,73.0,,,SAR,15.0
SAR,0 days 00:01:16.863000,Williams,MEDIUM,74.0,,,SAR,15.0
SAR,0 days 00:01:16.324000,Williams,MEDIUM,75.0,,,SAR,15.0
SAR,0 days 00:01:17.197000,Williams,MEDIUM,76.0,,,SAR,15.0
ZHO,0 days 00:42:06.253000,Kick Sauber,MEDIUM,1.0,,0 days 00:57:26.533000,ZHO,16.0
ZHO,0 days 00:01:52.131000,Kick Sauber,HARD,2.0,0 days 01:37:13.050000,,ZHO,16.0
ZHO,0 days 00:01:30.396000,Kick Sauber,HARD,3.0,,,ZHO,16.0
ZHO,0 days 00:01:23.698000,Kick Sauber,HARD,4.0,,,ZHO,16.0
ZHO,0 days 00:01:23.494000,Kick Sauber,HARD,5.0,,,ZHO,16.0
ZHO,0 days 00:01:22.649000,Kick Sauber,HARD,6.0,,,ZHO,16.0
ZHO,0 days 00:01:22.934000,Kick Sauber,HARD,7.0,,,ZHO,16.0
ZHO,0 days 00:01:22.182000,Kick Sauber,HARD,8.0,,,ZHO,16.0
ZHO,0 days 00:01:21.810000,Kick Sauber,HARD,9.0,,,ZHO,16.0
ZHO,0 days 00:01:21.944000,Kick Sauber,HARD,10.0,,,ZHO,16.0
ZHO,0 days 00:01:21.563000,Kick Sauber,HARD,11.0,,,ZHO,16.0
ZHO,0 days 00:01:21.193000,Kick Sauber,HARD,12.0,,,ZHO,16.0
ZHO,0 days 00:01:21.529000,Kick Sauber,HARD,13.0,,,ZHO,16.0
ZHO,0 days 00:01:21.264000,Kick Sauber,HARD,14.0,,,ZHO,16.0
ZHO,0 days 00:01:21.447000,Kick Sauber,HARD,15.0,,,ZHO,16.0
ZHO,0 days 00:01:20.481000,Kick Sauber,HARD,16.0,,,ZHO,16.0
ZHO,0 days 00:01:20.979000,Kick Sauber,HARD,17.0,,,ZHO,16.0
ZHO,0 days 00:01:20.911000,Kick Sauber,HARD,18.0,,,ZHO,16.0
ZHO,0 days 00:01:21.420000,Kick Sauber,HARD,19.0,,,ZHO,16.0
ZHO,0 days 00:01:20.904000,Kick Sauber,HARD,20.0,,,ZHO,16.0
ZHO,0 days 00:01:20.669000,Kick Sauber,HARD,21.0,,,ZHO,16.0
ZHO,0 days 00:01:21.083000,Kick Sauber,HARD,22.0,,,ZHO,16.0
ZHO,0 days 00:01:20.792000,Kick Sauber,HARD,23.0,,,ZHO,16.0
ZHO,0 days 00:01:20.347000,Kick Sauber,HARD,24.0,,,ZHO,16.0
ZHO,0 days 00:01:20.763000,Kick Sauber,HARD,25.0,,,ZHO,16.0
ZHO,0 days 00:01:20.869000,Kick Sauber,HARD,26.0,,,ZHO,16.0
ZHO,0 days 00:01:21.293000,Kick Sauber,HARD,27.0,,,ZHO,16.0
ZHO,0 days 00:01:21.516000,Kick Sauber,HARD,28.0,,,ZHO,16.0
ZHO,0 days 00:01:21.338000,Kick Sauber,HARD,29.0,,,ZHO,16.0
ZHO,0 days 00:01:21.044000,Kick Sauber,HARD,30.0,,,ZHO,16.0
ZHO,0 days 00:01:20.806000,Kick Sauber,HARD,31.0,,,ZHO,16.0
ZHO,0 days 00:01:20.782000,Kick Sauber,HARD,32.0,,,ZHO,16.0
ZHO,0 days 00:01:20.677000,Kick Sauber,HARD,33.0,,,ZHO,16.0
ZHO,0 days 00:01:20.736000,Kick Sauber,HARD,34.0,,,ZHO,16.0
ZHO,0 days 00:01:20.372000,Kick Sauber,HARD,35.0,,,ZHO,16.0
ZHO,0 days 00:01:20.986000,Kick Sauber,HARD,36.0,,,ZHO,16.0
ZHO,0 days 00:01:21.449000,Kick Sauber,HARD,37.0,,,ZHO,16.0
ZHO,0 days 00:01:21.090000,Kick Sauber,HARD,38.0,,,ZHO,16.0
ZHO,0 days 00:01:21.233000,Kick Sauber,HARD,39.0,,,ZHO,16.0
ZHO,0 days 00:01:24.969000,Kick Sauber,HARD,40.0,,,ZHO,16.0
ZHO,0 days 00:01:21.127000,Kick Sauber,HARD,41.0,,,ZHO,16.0
ZHO,0 days 00:01:21.957000,Kick Sauber,HARD,42.0,,,ZHO,16.0
ZHO,0 days 00:01:20.578000,Kick Sauber,HARD,43.0,,,ZHO,16.0
ZHO,0 days 00:01:19.610000,Kick Sauber,HARD,44.0,,,ZHO,16.0
ZHO,0 days 00:01:20.686000,Kick Sauber,HARD,45.0,,,ZHO,16.0
ZHO,0 days 00:01:20.146000,Kick Sauber,HARD,46.0,,,ZHO,16.0
ZHO,0 days 00:01:20.075000,Kick Sauber,HARD,47.0,,,ZHO,16.0
ZHO,0 days 00:01:22.481000,Kick Sauber,HARD,48.0,,,ZHO,16.0
ZHO,0 days 00:01:22.134000,Kick Sauber,HARD,49.0,,,ZHO,16.0
ZHO,0 days 00:01:20.946000,Kick Sauber,HARD,50.0,,,ZHO,16.0
ZHO,0 days 00:01:20.962000,Kick Sauber,HARD,51.0,,,ZHO,16.0
ZHO,0 days 00:01:20.970000,Kick Sauber,HARD,52.0,,,ZHO,16.0
ZHO,0 days 00:01:21.375000,Kick Sauber,HARD,53.0,,,ZHO,16.0
ZHO,0 days 00:01:22.153000,Kick Sauber,HARD,54.0,,,ZHO,16.0
ZHO,0 days 00:01:21.399000,Kick Sauber,HARD,55.0,,,ZHO,16.0
ZHO,0 days 00:01:20.315000,Kick Sauber,HARD,56.0,,,ZHO,16.0
ZHO,0 days 00:01:21.119000,Kick Sauber,HARD,57.0,,,ZHO,16.0
ZHO,0 days 00:01:18.795000,Kick Sauber,HARD,58.0,,,ZHO,16.0
ZHO,0 days 00:01:17.936000,Kick Sauber,HARD,59.0,,,ZHO,16.0
ZHO,0 days 00:01:18.545000,Kick Sauber,HARD,60.0,,,ZHO,16.0
ZHO,0 days 00:01:18.707000,Kick Sauber,HARD,61.0,,,ZHO,16.0
ZHO,0 days 00:01:18.817000,Kick Sauber,HARD,62.0,,,ZHO,16.0
ZHO,0 days 00:01:18.789000,Kick Sauber,HARD,63.0,,,ZHO,16.0
ZHO,0 days 00:01:19.295000,Kick Sauber,HARD,64.0,,,ZHO,16.0
ZHO,0 days 00:01:19.719000,Kick Sauber,HARD,65.0,,,ZHO,16.0
ZHO,0 days 00:01:19.749000,Kick Sauber,HARD,66.0,,,ZHO,16.0
ZHO,0 days 00:01:20.357000,Kick Sauber,HARD,67.0,,,ZHO,16.0
ZHO,0 days 00:01:25.217000,Kick Sauber,HARD,68.0,,,ZHO,16.0
ZHO,0 days 00:01:20.484000,Kick Sauber,HARD,69.0,,,ZHO,16.0
ZHO,0 days 00:01:40.898000,Kick Sauber,HARD,70.0,,0 days 03:10:59.688000,ZHO,16.0
ZHO,0 days 00:01:25.295000,Kick Sauber,SOFT,71.0,0 days 03:11:24.136000,,ZHO,16.0
ZHO,0 days 00:01:20.585000,Kick Sauber,SOFT,72.0,,,ZHO,16.0
ZHO,0 days 00:01:15.233000,Kick Sauber,SOFT,73.0,,,ZHO,16.0
ZHO,0 days 00:01:20.473000,Kick Sauber,SOFT,74.0,,,ZHO,16.0
ZHO,0 days 00:01:14.718000,Kick Sauber,SOFT,75.0,,,ZHO,16.0
ZHO,0 days 00:01:17.173000,Kick Sauber,SOFT,76.0,,,ZHO,16.0
OCO,,Alpine,HARD,1.0,,,OCO,17.0
PER,,Red Bull Racing,HARD,1.0,,,PER,18.0
HUL,,Haas F1 Team,MEDIUM,1.0,,,HUL,19.0
MAG,,Haas F1 Team,HARD,1.0,,,MAG,20.0
